"../../../Engine/Plugins/2D/Paper2D/Content/PlaceholderTextures/DummySpriteTexture.ubulk" 0
"../../../Engine/Plugins/2D/Paper2D/Content/PlaceholderTextures/DummySpriteTexture.uasset" 1
"../../../Engine/Plugins/2D/Paper2D/Content/PlaceholderTextures/DummySpriteTexture.uexp" 2
"../../../Engine/Plugins/2D/Paper2D/Content/DummySprite.uasset" 3
"../../../Engine/Plugins/2D/Paper2D/Content/DummySprite.uexp" 4
"../../../Engine/Plugins/2D/Paper2D/Content/DefaultPaperTerrainMaterial.uasset" 5
"../../../Engine/Plugins/2D/Paper2D/Content/DefaultPaperTerrainMaterial.uexp" 6
"../../../Engine/Plugins/Animation/ACLPlugin/Content/ACLAnimBoneCompressionSettings.uasset" 7
"../../../Engine/Plugins/Animation/ACLPlugin/Content/ACLAnimBoneCompressionSettings.uexp" 8
"../../../Engine/Plugins/Animation/ACLPlugin/Content/ACLAnimCurveCompressionSettings.uasset" 9
"../../../Engine/Plugins/Animation/ACLPlugin/Content/ACLAnimCurveCompressionSettings.uexp" 10
"../../../Engine/Content/Animation/DefaultRecorderBoneCompression.uasset" 11
"../../../Engine/Content/Animation/DefaultRecorderBoneCompression.uexp" 12
"../../../Engine/Content/Animation/DefaultVariableFrameStrippingSettings.uasset" 13
"../../../Engine/Content/Animation/DefaultVariableFrameStrippingSettings.uexp" 14
"../../../Engine/Content/EngineFonts/Faces/DroidSansFallback.uexp" 15
"../../../Engine/Content/EngineFonts/Faces/DroidSansFallback.uasset" 16
"../../../Engine/Content/EngineFonts/Faces/DroidSansFallback.ufont" 17
"../../../Engine/Content/EngineFonts/Faces/RobotoBold.uexp" 18
"../../../Engine/Content/EngineFonts/Faces/RobotoBold.uasset" 19
"../../../Engine/Content/EngineFonts/Faces/RobotoBold.ufont" 20
"../../../Engine/Content/EngineFonts/Faces/RobotoBoldItalic.uexp" 21
"../../../Engine/Content/EngineFonts/Faces/RobotoBoldItalic.uasset" 22
"../../../Engine/Content/EngineFonts/Faces/RobotoBoldItalic.ufont" 23
"../../../Engine/Content/EngineFonts/Faces/RobotoItalic.uexp" 24
"../../../Engine/Content/EngineFonts/Faces/RobotoItalic.uasset" 25
"../../../Engine/Content/EngineFonts/Faces/RobotoItalic.ufont" 26
"../../../Engine/Content/EngineFonts/Faces/RobotoLight.uexp" 27
"../../../Engine/Content/EngineFonts/Faces/RobotoLight.uasset" 28
"../../../Engine/Content/EngineFonts/Faces/RobotoLight.ufont" 29
"../../../Engine/Content/EngineFonts/Faces/RobotoRegular.uexp" 30
"../../../Engine/Content/EngineFonts/Faces/RobotoRegular.uasset" 31
"../../../Engine/Content/EngineFonts/Faces/RobotoRegular.ufont" 32
"../../../Engine/Content/EngineFonts/Roboto.uasset" 33
"../../../Engine/Content/EngineFonts/Roboto.uexp" 34
"../../../Engine/Content/EngineMaterials/DefaultDestructiblePhysicalMaterial.uasset" 35
"../../../Engine/Content/EngineMaterials/DefaultDestructiblePhysicalMaterial.uexp" 36
"../../../Engine/Plugins/Interchange/Runtime/Content/Pipelines/DefaultAssetsPipeline.uasset" 37
"../../../Engine/Plugins/Interchange/Runtime/Content/Pipelines/DefaultAssetsPipeline.uexp" 38
"../../../Engine/Content/EngineMaterials/DefaultPhysicalMaterial.uasset" 39
"../../../Engine/Content/EngineMaterials/DefaultPhysicalMaterial.uexp" 40
"../../../Engine/Plugins/Interchange/Runtime/Content/Pipelines/DefaultAudioPipeline.uasset" 41
"../../../Engine/Plugins/Interchange/Runtime/Content/Pipelines/DefaultAudioPipeline.uexp" 42
"../../../Engine/Plugins/Interchange/Runtime/Content/Pipelines/DefaultGLTFAssetsPipeline.uasset" 43
"../../../Engine/Plugins/Interchange/Runtime/Content/Pipelines/DefaultGLTFAssetsPipeline.uexp" 44
"../../../Engine/Plugins/Interchange/Runtime/Content/Pipelines/DefaultGLTFPipeline.uasset" 45
"../../../Engine/Plugins/Interchange/Runtime/Content/Pipelines/DefaultGLTFPipeline.uexp" 46
"../../../Engine/Plugins/Interchange/Runtime/Content/Pipelines/DefaultGLTFSceneAssetsPipeline.uasset" 47
"../../../Engine/Plugins/Interchange/Runtime/Content/Pipelines/DefaultGLTFSceneAssetsPipeline.uexp" 48
"../../../Engine/Content/EngineSounds/Master.uasset" 49
"../../../Engine/Content/EngineSounds/Master.uexp" 50
"../../../Engine/Plugins/Interchange/Runtime/Content/Pipelines/DefaultMaterialPipeline.uasset" 51
"../../../Engine/Plugins/Interchange/Runtime/Content/Pipelines/DefaultMaterialPipeline.uexp" 52
"../../../Engine/Plugins/Interchange/Runtime/Content/Pipelines/DefaultMaterialXPipeline.uasset" 53
"../../../Engine/Plugins/Interchange/Runtime/Content/Pipelines/DefaultMaterialXPipeline.uexp" 54
"../../../Engine/Plugins/Interchange/Runtime/Content/Pipelines/DefaultSceneAssetsPipeline.uasset" 55
"../../../Engine/Plugins/Interchange/Runtime/Content/Pipelines/DefaultSceneAssetsPipeline.uexp" 56
"../../../Engine/Plugins/Interchange/Runtime/Content/Pipelines/DefaultSceneLevelPipeline.uasset" 57
"../../../Engine/Plugins/Interchange/Runtime/Content/Pipelines/DefaultSceneLevelPipeline.uexp" 58
"../../../Engine/Plugins/Animation/ControlRig/Content/Controls/DefaultGizmoLibraryNormalized.uasset" 59
"../../../Engine/Plugins/Animation/ControlRig/Content/Controls/DefaultGizmoLibraryNormalized.uexp" 60
"../../../Engine/Plugins/Interchange/Runtime/Content/Pipelines/DefaultTexturePipeline.uasset" 61
"../../../Engine/Plugins/Interchange/Runtime/Content/Pipelines/DefaultTexturePipeline.uexp" 62
"../../../Engine/Plugins/Interchange/Assets/Content/Functions/MX_SubsurfaceBSDF.uasset" 63
"../../../Engine/Plugins/Interchange/Assets/Content/Functions/MX_SubsurfaceBSDF.uexp" 64
"../../../Engine/Plugins/2D/Paper2D/Content/DefaultSpriteMaterial.uasset" 65
"../../../Engine/Plugins/2D/Paper2D/Content/DefaultSpriteMaterial.uexp" 66
"../../../Engine/Plugins/2D/Paper2D/Content/MaskedUnlitSpriteMaterial.uasset" 67
"../../../Engine/Plugins/2D/Paper2D/Content/MaskedUnlitSpriteMaterial.uexp" 68
"../../../Engine/Content/MobileResources/HUD/VirtualJoystick_Background.uasset" 69
"../../../Engine/Content/MobileResources/HUD/VirtualJoystick_Background.uexp" 70
"../../../Engine/Content/MobileResources/HUD/VirtualJoystick_Thumb.uasset" 71
"../../../Engine/Content/MobileResources/HUD/VirtualJoystick_Thumb.uexp" 72
"../../../Engine/Content/MobileResources/HUD/DefaultVirtualJoysticks.uasset" 73
"../../../Engine/Content/MobileResources/HUD/DefaultVirtualJoysticks.uexp" 74
"../../../Engine/Plugins/2D/Paper2D/Content/OpaqueUnlitSpriteMaterial.uasset" 75
"../../../Engine/Plugins/2D/Paper2D/Content/OpaqueUnlitSpriteMaterial.uexp" 76
"../../../Engine/Plugins/Interchange/Assets/Content/Functions/MX_Surface.uasset" 77
"../../../Engine/Plugins/Interchange/Assets/Content/Functions/MX_Surface.uexp" 78
"../../../Engine/Content/Functions/Engine_MaterialFunctions02/WorldPositionOffset/CameraOffset.uasset" 79
"../../../Engine/Content/Functions/Engine_MaterialFunctions02/WorldPositionOffset/CameraOffset.uexp" 80
"../../../Engine/Plugins/Animation/ControlRig/Content/M_Manip.uasset" 81
"../../../Engine/Plugins/Animation/ControlRig/Content/M_Manip.uexp" 82
"../../../Engine/Plugins/Interchange/Assets/Content/Functions/MX_SurfaceUnlit.uasset" 83
"../../../Engine/Plugins/Interchange/Assets/Content/Functions/MX_SurfaceUnlit.uexp" 84
"../../../Engine/Plugins/Interchange/Assets/Content/Functions/MX_TranslucentBSDF.uasset" 85
"../../../Engine/Plugins/Interchange/Assets/Content/Functions/MX_TranslucentBSDF.uexp" 86
"../../../Engine/Content/EditorResources/BSPVertex.uasset" 87
"../../../Engine/Content/EditorResources/BSPVertex.uexp" 88
"../../../Engine/Content/EngineMaterials/DefaultBloomKernel.uasset" 89
"../../../Engine/Content/EngineMaterials/DefaultBloomKernel.uexp" 90
"../../../Engine/Plugins/Interchange/Assets/Content/Functions/MX_UniformEDF.uasset" 91
"../../../Engine/Plugins/Interchange/Assets/Content/Functions/MX_UniformEDF.uexp" 92
"../../../Engine/Content/EngineMaterials/DefaultBokeh.uasset" 93
"../../../Engine/Content/EngineMaterials/DefaultBokeh.uexp" 94
"../../../Engine/Plugins/Interchange/Assets/Content/Functions/MX_UsdPreviewSurface.uasset" 95
"../../../Engine/Plugins/Interchange/Assets/Content/Functions/MX_UsdPreviewSurface.uexp" 96
"../../../Engine/Content/EngineMaterials/DefaultDiffuse.ubulk" 97
"../../../Engine/Content/EngineMaterials/DefaultDiffuse.uasset" 98
"../../../Engine/Content/EngineMaterials/DefaultDiffuse.uexp" 99
"../../../Engine/Content/EngineMaterials/DefaultDeferredDecalMaterial.uasset" 100
"../../../Engine/Content/EngineMaterials/DefaultDeferredDecalMaterial.uexp" 101
"../../../Engine/Content/EditorResources/S_Actor.ubulk" 102
"../../../Engine/Content/EditorResources/S_Actor.uasset" 103
"../../../Engine/Content/EditorResources/S_Actor.uexp" 104
"../../../Engine/Content/EditorResources/S_BoxReflectionCapture.uasset" 105
"../../../Engine/Content/EditorResources/S_BoxReflectionCapture.uexp" 106
"../../../Engine/Content/EngineMaterials/DefaultLightFunctionMaterial.uasset" 107
"../../../Engine/Content/EngineMaterials/DefaultLightFunctionMaterial.uexp" 108
"../../../Engine/Content/EngineMaterials/T_Default_Material_Grid_M.ubulk" 109
"../../../Engine/Content/EngineMaterials/T_Default_Material_Grid_M.uasset" 110
"../../../Engine/Content/EngineMaterials/T_Default_Material_Grid_M.uexp" 111
"../../../Engine/Content/EngineMaterials/T_Default_Material_Grid_N.ubulk" 112
"../../../Engine/Content/EngineMaterials/T_Default_Material_Grid_N.uasset" 113
"../../../Engine/Content/EngineMaterials/T_Default_Material_Grid_N.uexp" 114
"../../../Engine/Content/Functions/Engine_MaterialFunctions01/Opacity/CameraDepthFade.uasset" 115
"../../../Engine/Content/Functions/Engine_MaterialFunctions01/Opacity/CameraDepthFade.uexp" 116
"../../../Engine/Content/EngineMaterials/WorldGridMaterial.uasset" 117
"../../../Engine/Content/EngineMaterials/WorldGridMaterial.uexp" 118
"../../../Engine/Plugins/Media/MediaPlate/Content/SM_MediaPlateScreen.ubulk" 119
"../../../Engine/Plugins/Media/MediaPlate/Content/SM_MediaPlateScreen.uasset" 120
"../../../Engine/Plugins/Media/MediaPlate/Content/SM_MediaPlateScreen.uexp" 121
"../../../Engine/Content/Functions/Engine_MaterialFunctions02/Utility/BreakOutFloat2Components.uasset" 122
"../../../Engine/Content/Functions/Engine_MaterialFunctions02/Utility/BreakOutFloat2Components.uexp" 123
"../../../Engine/Content/EngineMaterials/DefaultPostProcessMaterial.uasset" 124
"../../../Engine/Content/EngineMaterials/DefaultPostProcessMaterial.uexp" 125
"../../../Engine/Plugins/NNE/NNEDenoiser/Content/NNEDIM_ColorAlbedoNormal_Alpha.uasset" 126
"../../../Engine/Plugins/NNE/NNEDenoiser/Content/NNEDIM_ColorAlbedoNormal_Alpha.uexp" 127
"../../../Engine/Plugins/NNE/NNEDenoiser/Content/NNEDIM_ColorAlbedoNormal_Default.uasset" 128
"../../../Engine/Plugins/NNE/NNEDenoiser/Content/NNEDIM_ColorAlbedoNormal_Default.uexp" 129
"../../../Engine/Plugins/NNE/NNEDenoiser/Content/NNEDIM_HighQuality_Alpha.uasset" 130
"../../../Engine/Plugins/NNE/NNEDenoiser/Content/NNEDIM_HighQuality_Alpha.uexp" 131
"../../../Engine/Content/EngineFonts/RobotoDistanceField.uasset" 132
"../../../Engine/Content/EngineFonts/RobotoDistanceField.uexp" 133
"../../../Engine/Content/EngineMaterials/DefaultTextMaterialOpaque.uasset" 134
"../../../Engine/Content/EngineMaterials/DefaultTextMaterialOpaque.uexp" 135
"../../../Engine/Plugins/NNE/NNEDenoiser/Content/NNEDIM_HighQuality_Default.uasset" 136
"../../../Engine/Plugins/NNE/NNEDenoiser/Content/NNEDIM_HighQuality_Default.uexp" 137
"../../../Engine/Plugins/NNE/NNEDenoiser/Content/NNEDOM_Output_Alpha.uasset" 138
"../../../Engine/Plugins/NNE/NNEDenoiser/Content/NNEDOM_Output_Alpha.uexp" 139
"../../../Engine/Plugins/NNE/NNEDenoiser/Content/NNEDOM_Output_Default.uasset" 140
"../../../Engine/Plugins/NNE/NNEDenoiser/Content/NNEDOM_Output_Default.uexp" 141
"../../../Engine/Plugins/NNE/NNEDenoiser/Content/NNEDTIM_ColorAlbedoNormal_Alpha.uasset" 142
"../../../Engine/Plugins/NNE/NNEDenoiser/Content/NNEDTIM_ColorAlbedoNormal_Alpha.uexp" 143
"../../../Engine/Plugins/NNE/NNEDenoiser/Content/NNEDTIM_ColorAlbedoNormal_Default.uasset" 144
"../../../Engine/Plugins/NNE/NNEDenoiser/Content/NNEDTIM_ColorAlbedoNormal_Default.uexp" 145
"../../../Engine/Plugins/NNE/NNEDenoiser/Content/NNEDTOM_Output_Alpha.uasset" 146
"../../../Engine/Plugins/NNE/NNEDenoiser/Content/NNEDTOM_Output_Alpha.uexp" 147
"../../../Engine/Plugins/NNE/NNEDenoiser/Content/NNEDTOM_Output_Default.uasset" 148
"../../../Engine/Plugins/NNE/NNEDenoiser/Content/NNEDTOM_Output_Default.uexp" 149
"../../../Engine/Plugins/NNE/NNEDenoiser/Content/NNEDT_Oidn2-3_Balanced.uasset" 150
"../../../Engine/Plugins/NNE/NNEDenoiser/Content/NNEDT_Oidn2-3_Balanced.uexp" 151
"../../../Engine/Plugins/NNE/NNEDenoiser/Content/NNEDT_Oidn2-3_Balanced_Alpha.uasset" 152
"../../../Engine/Plugins/NNE/NNEDenoiser/Content/NNEDT_Oidn2-3_Balanced_Alpha.uexp" 153
"../../../Engine/Content/EngineMaterials/DefaultWhiteGrid.ubulk" 154
"../../../Engine/Content/EngineMaterials/DefaultWhiteGrid.uasset" 155
"../../../Engine/Content/EngineMaterials/DefaultWhiteGrid.uexp" 156
"../../../Engine/Plugins/NNE/NNEDenoiser/Content/NNED_Oidn2-3_Balanced.uasset" 157
"../../../Engine/Plugins/NNE/NNEDenoiser/Content/NNED_Oidn2-3_Balanced.uexp" 158
"../../../Engine/Plugins/NNE/NNEDenoiser/Content/NNED_Oidn2-3_Balanced_Alpha.uasset" 159
"../../../Engine/Plugins/NNE/NNEDenoiser/Content/NNED_Oidn2-3_Balanced_Alpha.uexp" 160
"../../../Engine/Plugins/NNE/NNEDenoiser/Content/NNED_Oidn2-3_Fast.uasset" 161
"../../../Engine/Plugins/NNE/NNEDenoiser/Content/NNED_Oidn2-3_Fast.uexp" 162
"../../../Engine/Plugins/NNE/NNEDenoiser/Content/NNED_Oidn2-3_Fast_Alpha.uasset" 163
"../../../Engine/Plugins/NNE/NNEDenoiser/Content/NNED_Oidn2-3_Fast_Alpha.uexp" 164
"../../../Engine/Plugins/NNE/NNEDenoiser/Content/NNED_Oidn2-3_HighQuality.uasset" 165
"../../../Engine/Plugins/NNE/NNEDenoiser/Content/NNED_Oidn2-3_HighQuality.uexp" 166
"../../../Engine/Plugins/NNE/NNEDenoiser/Content/NNED_Oidn2-3_HighQuality_Alpha.uasset" 167
"../../../Engine/Plugins/NNE/NNEDenoiser/Content/NNED_Oidn2-3_HighQuality_Alpha.uexp" 168
"../../../Engine/Plugins/NNE/NNEDenoiser/Content/NNE_oidn2-3-0_rt_hdr_alb_nrm_small__dyn__fp16_opset11_DenoiseAlpha.uasset" 169
"../../../Engine/Plugins/NNE/NNEDenoiser/Content/NNE_oidn2-3-0_rt_hdr_alb_nrm_small__dyn__fp16_opset11_DenoiseAlpha.uexp" 170
"../../../Engine/Plugins/NNE/NNEDenoiser/Content/NNE_oidn2-3-0_rt_hdr_alb_nrm_small__dyn__fp16_opset11_ForwardAlpha.uasset" 171
"../../../Engine/Plugins/NNE/NNEDenoiser/Content/NNE_oidn2-3-0_rt_hdr_alb_nrm_small__dyn__fp16_opset11_ForwardAlpha.uexp" 172
"../../../Engine/Plugins/NNE/NNEDenoiser/Content/NNE_oidn2-3-0_rt_hdr_alb_nrm__dyn__fp16_opset11_DenoiseAlpha.uasset" 173
"../../../Engine/Plugins/NNE/NNEDenoiser/Content/NNE_oidn2-3-0_rt_hdr_alb_nrm__dyn__fp16_opset11_DenoiseAlpha.uexp" 174
"../../../Engine/Plugins/NNE/NNEDenoiser/Content/NNE_oidn2-3-0_rt_hdr_alb_nrm__dyn__fp16_opset11_ForwardAlpha.uasset" 175
"../../../Engine/Plugins/NNE/NNEDenoiser/Content/NNE_oidn2-3-0_rt_hdr_alb_nrm__dyn__fp16_opset11_ForwardAlpha.uexp" 176
"../../../Engine/Plugins/NNE/NNEDenoiser/Content/NNE_oidn2-3-0_rt_hdr_calb_cnrm_large__dyn__fp16_opset11_DenoiseAlpha.uasset" 177
"../../../Engine/Plugins/NNE/NNEDenoiser/Content/NNE_oidn2-3-0_rt_hdr_calb_cnrm_large__dyn__fp16_opset11_DenoiseAlpha.uexp" 178
"../../../Engine/Plugins/NNE/NNEDenoiser/Content/NNE_oidn2-3-0_rt_hdr_calb_cnrm_large__dyn__fp16_opset11_ForwardAlpha.uasset" 179
"../../../Engine/Plugins/NNE/NNEDenoiser/Content/NNE_oidn2-3-0_rt_hdr_calb_cnrm_large__dyn__fp16_opset11_ForwardAlpha.uexp" 180
"../../../Engine/Content/EditorLandscapeResources/DefaultAlphaTexture.uasset" 181
"../../../Engine/Content/EditorLandscapeResources/DefaultAlphaTexture.uexp" 182
"../../../Engine/Content/EditorLandscapeResources/ColorMaskBrushMaterial.uasset" 183
"../../../Engine/Content/EditorLandscapeResources/ColorMaskBrushMaterial.uexp" 184
"../../../Engine/Content/EditorLandscapeResources/ColorMaskBrushMaterial_MaskedRegion.uasset" 185
"../../../Engine/Content/EditorLandscapeResources/ColorMaskBrushMaterial_MaskedRegion.uexp" 186
"../../../Engine/Content/EngineMaterials/DefaultWhiteGrid_Low.uasset" 187
"../../../Engine/Content/EngineMaterials/DefaultWhiteGrid_Low.uexp" 188
"../../../Engine/Content/EngineMaterials/EmissiveMeshMaterial.uasset" 189
"../../../Engine/Content/EngineMaterials/EmissiveMeshMaterial.uexp" 190
"../../../Engine/Content/EngineMaterials/FastBlueNoise_scalar_128x128x64.uasset" 191
"../../../Engine/Content/EngineMaterials/FastBlueNoise_scalar_128x128x64.uexp" 192
"../../../Engine/Content/BasicShapes/BasicShapeMaterial.uasset" 193
"../../../Engine/Content/BasicShapes/BasicShapeMaterial.uexp" 194
"../../../Engine/Content/EngineMaterials/DefaultMaterial.uasset" 195
"../../../Engine/Content/EngineMaterials/DefaultMaterial.uexp" 196
"../../../Engine/Content/BasicShapes/Cone.ubulk" 197
"../../../Engine/Content/BasicShapes/Cone.uasset" 198
"../../../Engine/Content/BasicShapes/Cone.uexp" 199
"../../../Engine/Content/EngineMaterials/FastBlueNoise_scalar_128x128x8.uasset" 200
"../../../Engine/Content/EngineMaterials/FastBlueNoise_scalar_128x128x8.uexp" 201
"../../../Engine/Content/BasicShapes/Cube.ubulk" 202
"../../../Engine/Content/BasicShapes/Cube.uasset" 203
"../../../Engine/Content/BasicShapes/Cube.uexp" 204
"../../../Engine/Content/EngineMaterials/FastBlueNoise_vec2_128x128x64.uasset" 205
"../../../Engine/Content/EngineMaterials/FastBlueNoise_vec2_128x128x64.uexp" 206
"../../../Engine/Content/EditorLandscapeResources/LandscapeDirtyMaterial.uasset" 207
"../../../Engine/Content/EditorLandscapeResources/LandscapeDirtyMaterial.uexp" 208
"../../../Engine/Content/EngineMaterials/BaseFlattenDiffuseMap.uasset" 209
"../../../Engine/Content/EngineMaterials/BaseFlattenDiffuseMap.uexp" 210
"../../../Engine/Content/EngineMaterials/BaseFlattenEmissiveMap.uasset" 211
"../../../Engine/Content/EngineMaterials/BaseFlattenEmissiveMap.uexp" 212
"../../../Engine/Content/EngineMaterials/BaseFlattenGrayscaleMap.uasset" 213
"../../../Engine/Content/EngineMaterials/BaseFlattenGrayscaleMap.uexp" 214
"../../../Engine/Content/EngineMaterials/BaseFlattenLinearColor.uasset" 215
"../../../Engine/Content/EngineMaterials/BaseFlattenLinearColor.uexp" 216
"../../../Engine/Content/EngineMaterials/BaseFlattenNormalMap.uasset" 217
"../../../Engine/Content/EngineMaterials/BaseFlattenNormalMap.uexp" 218
"../../../Engine/Content/Functions/Engine_MaterialFunctions02/PivotPainter2/Black_1x1_EXR_Texture.uasset" 219
"../../../Engine/Content/Functions/Engine_MaterialFunctions02/PivotPainter2/Black_1x1_EXR_Texture.uexp" 220
"../../../Engine/Content/EngineMaterials/FlattenMaterial.uasset" 221
"../../../Engine/Content/EngineMaterials/FlattenMaterial.uexp" 222
"../../../Engine/Content/EngineMaterials/BaseFlattenDiffuseMap_VT.ubulk" 223
"../../../Engine/Content/EngineMaterials/BaseFlattenDiffuseMap_VT.uasset" 224
"../../../Engine/Content/EngineMaterials/BaseFlattenDiffuseMap_VT.uexp" 225
"../../../Engine/Content/EngineMaterials/BaseFlattenEmissiveMap_VT.ubulk" 226
"../../../Engine/Content/EngineMaterials/BaseFlattenEmissiveMap_VT.uasset" 227
"../../../Engine/Content/EngineMaterials/BaseFlattenEmissiveMap_VT.uexp" 228
"../../../Engine/Content/EngineMaterials/BaseFlattenGrayscaleMap_VT.ubulk" 229
"../../../Engine/Content/EngineMaterials/BaseFlattenGrayscaleMap_VT.uasset" 230
"../../../Engine/Content/EngineMaterials/BaseFlattenGrayscaleMap_VT.uexp" 231
"../../../Engine/Content/EngineMaterials/BaseFlattenLinearColor_VT.ubulk" 232
"../../../Engine/Content/EngineMaterials/BaseFlattenLinearColor_VT.uasset" 233
"../../../Engine/Content/EngineMaterials/BaseFlattenLinearColor_VT.uexp" 234
"../../../Engine/Content/EngineMaterials/BaseFlattenNormalMap_VT.ubulk" 235
"../../../Engine/Content/EngineMaterials/BaseFlattenNormalMap_VT.uasset" 236
"../../../Engine/Content/EngineMaterials/BaseFlattenNormalMap_VT.uexp" 237
"../../../Engine/Content/EngineMaterials/Black_1x1_EXR_Texture_VT.ubulk" 238
"../../../Engine/Content/EngineMaterials/Black_1x1_EXR_Texture_VT.uasset" 239
"../../../Engine/Content/EngineMaterials/Black_1x1_EXR_Texture_VT.uexp" 240
"../../../Engine/Content/EngineMaterials/FlattenMaterial_VT.uasset" 241
"../../../Engine/Content/EngineMaterials/FlattenMaterial_VT.uexp" 242
"../../../Engine/Content/BasicShapes/Cylinder.ubulk" 243
"../../../Engine/Content/BasicShapes/Cylinder.uasset" 244
"../../../Engine/Content/BasicShapes/Cylinder.uexp" 245
"../../../Engine/Content/EditorResources/S_Solver.ubulk" 246
"../../../Engine/Content/EditorResources/S_Solver.uasset" 247
"../../../Engine/Content/EditorResources/S_Solver.uexp" 248
"../../../Engine/Content/EngineMaterials/FlattenMaterial_WS_Normal_VT.uasset" 249
"../../../Engine/Content/EngineMaterials/FlattenMaterial_WS_Normal_VT.uexp" 250
"../../../Engine/Content/EngineMaterials/GizmoMaterial.uasset" 251
"../../../Engine/Content/EngineMaterials/GizmoMaterial.uexp" 252
"../../../Engine/Content/BasicShapes/Plane.ubulk" 253
"../../../Engine/Content/BasicShapes/Plane.uasset" 254
"../../../Engine/Content/BasicShapes/Plane.uexp" 255
"../../../Engine/Content/EditorResources/S_Terrain.ubulk" 256
"../../../Engine/Content/EditorResources/S_Terrain.uasset" 257
"../../../Engine/Content/EditorResources/S_Terrain.uexp" 258
"../../../Engine/Content/BasicShapes/Sphere.ubulk" 259
"../../../Engine/Content/BasicShapes/Sphere.uasset" 260
"../../../Engine/Content/BasicShapes/Sphere.uexp" 261
"../../../Engine/Content/Functions/Engine_MaterialFunctions01/Texturing/TextureCropping.uasset" 262
"../../../Engine/Content/Functions/Engine_MaterialFunctions01/Texturing/TextureCropping.uexp" 263
"../../../Engine/Content/Functions/Engine_MaterialFunctions02/ExampleContent/DebugNumberStrip.uasset" 264
"../../../Engine/Content/Functions/Engine_MaterialFunctions02/ExampleContent/DebugNumberStrip.uexp" 265
"../../../Engine/Content/Functions/Engine_MaterialFunctions01/Debug/DebugIntValues.uasset" 266
"../../../Engine/Content/Functions/Engine_MaterialFunctions01/Debug/DebugIntValues.uexp" 267
"../../../Engine/Content/Functions/Engine_MaterialFunctions01/Texturing/ScaleUVsByCenter.uasset" 268
"../../../Engine/Content/Functions/Engine_MaterialFunctions01/Texturing/ScaleUVsByCenter.uexp" 269
"../../../Engine/Content/Functions/Engine_MaterialFunctions02/WorldPositionOffset/LocalPosition.uasset" 270
"../../../Engine/Content/Functions/Engine_MaterialFunctions02/WorldPositionOffset/LocalPosition.uexp" 271
"../../../Engine/Content/EditorLandscapeResources/LandscapeLayerUsageMaterial.uasset" 272
"../../../Engine/Content/EditorLandscapeResources/LandscapeLayerUsageMaterial.uexp" 273
"../../../Engine/Content/EditorResources/S_Trigger.ubulk" 274
"../../../Engine/Content/EditorResources/S_Trigger.uasset" 275
"../../../Engine/Content/EditorResources/S_Trigger.uexp" 276
"../../../Engine/Content/EditorResources/S_TriggerBox.uasset" 277
"../../../Engine/Content/EditorResources/S_TriggerBox.uexp" 278
"../../../Engine/Content/EditorResources/S_TriggerCapsule.uasset" 279
"../../../Engine/Content/EditorResources/S_TriggerCapsule.uexp" 280
"../../../Engine/Content/EditorResources/S_TriggerSphere.uasset" 281
"../../../Engine/Content/EditorResources/S_TriggerSphere.uexp" 282
"../../../Engine/Plugins/Runtime/HairStrands/Content/Materials/HairCardsDefaultMaterial.uasset" 283
"../../../Engine/Plugins/Runtime/HairStrands/Content/Materials/HairCardsDefaultMaterial.uexp" 284
"../../../Engine/Content/EditorLandscapeResources/WhiteSquareTexture.uasset" 285
"../../../Engine/Content/EditorLandscapeResources/WhiteSquareTexture.uexp" 286
"../../../Engine/Content/EditorLandscapeResources/LayerVisMaterial.uasset" 287
"../../../Engine/Content/EditorLandscapeResources/LayerVisMaterial.uexp" 288
"../../../Engine/Content/Functions/Engine_MaterialFunctions02/Utility/MakeFloat2.uasset" 289
"../../../Engine/Content/Functions/Engine_MaterialFunctions02/Utility/MakeFloat2.uexp" 290
"../../../Engine/Content/Functions/Engine_MaterialFunctions02/Utility/MakeFloat3.uasset" 291
"../../../Engine/Content/Functions/Engine_MaterialFunctions02/Utility/MakeFloat3.uexp" 292
"../../../Engine/Content/EngineMaterials/HairColorMap.uasset" 293
"../../../Engine/Content/EngineMaterials/HairColorMap.uexp" 294
"../../../Engine/Content/EngineMaterials/HairDebugColor.uasset" 295
"../../../Engine/Content/EngineMaterials/HairDebugColor.uexp" 296
"../../../Engine/Plugins/Runtime/HairStrands/Content/Materials/HairGroupColors.uasset" 297
"../../../Engine/Plugins/Runtime/HairStrands/Content/Materials/HairGroupColors.uexp" 298
"../../../Engine/Plugins/Runtime/HairStrands/Content/Materials/HairDebugMaterial.uasset" 299
"../../../Engine/Plugins/Runtime/HairStrands/Content/Materials/HairDebugMaterial.uexp" 300
"../../../Engine/Plugins/Runtime/HairStrands/Content/Materials/HairDefaultMaterial.uasset" 301
"../../../Engine/Plugins/Runtime/HairStrands/Content/Materials/HairDefaultMaterial.uexp" 302
"../../../Engine/Content/Functions/Engine_MaterialFunctions03/Math/WithinRangeFloat2.uasset" 303
"../../../Engine/Content/Functions/Engine_MaterialFunctions03/Math/WithinRangeFloat2.uexp" 304
"../../../Engine/Content/EditorLandscapeResources/MaskBrushMaterial.uasset" 305
"../../../Engine/Content/EditorLandscapeResources/MaskBrushMaterial.uexp" 306
"../../../Engine/Content/EditorLandscapeResources/MaskBrushMaterial_MaskedRegion.uasset" 307
"../../../Engine/Content/EditorLandscapeResources/MaskBrushMaterial_MaskedRegion.uexp" 308
"../../../Engine/Plugins/Runtime/HairStrands/Content/Materials/HairMeshesDefaultMaterial.uasset" 309
"../../../Engine/Plugins/Runtime/HairStrands/Content/Materials/HairMeshesDefaultMaterial.uexp" 310
"../../../Engine/Content/EditorLandscapeResources/SelectBrushMaterial.uasset" 311
"../../../Engine/Content/EditorLandscapeResources/SelectBrushMaterial.uexp" 312
"../../../Engine/Content/EditorLandscapeResources/SelectBrushMaterial_Selected.uasset" 313
"../../../Engine/Content/EditorLandscapeResources/SelectBrushMaterial_Selected.uexp" 314
"../../../Engine/Plugins/Interchange/Assets/Content/Substrate/MX_SimpleVolume.uasset" 315
"../../../Engine/Plugins/Interchange/Assets/Content/Substrate/MX_SimpleVolume.uexp" 316
"../../../Engine/Content/EditorLandscapeResources/SelectBrushMaterial_SelectedRegion.uasset" 317
"../../../Engine/Content/EditorLandscapeResources/SelectBrushMaterial_SelectedRegion.uexp" 318
"../../../Engine/Content/EngineMaterials/MiniFont.uasset" 319
"../../../Engine/Content/EngineMaterials/MiniFont.uexp" 320
"../../../Engine/Content/EngineMaterials/InvalidLightmapSettings.ubulk" 321
"../../../Engine/Content/EngineMaterials/InvalidLightmapSettings.uasset" 322
"../../../Engine/Content/EngineMaterials/InvalidLightmapSettings.uexp" 323
"../../../Engine/Content/EngineMaterials/M_InvalidLightmapSettings.uasset" 324
"../../../Engine/Content/EngineMaterials/M_InvalidLightmapSettings.uexp" 325
"../../../Engine/Content/EditorLandscapeResources/SplineEditorMeshMat.uasset" 326
"../../../Engine/Content/EditorLandscapeResources/SplineEditorMeshMat.uexp" 327
"../../../Engine/Content/EditorLandscapeResources/SplineEditorMesh.ubulk" 328
"../../../Engine/Content/EditorLandscapeResources/SplineEditorMesh.uasset" 329
"../../../Engine/Content/EditorLandscapeResources/SplineEditorMesh.uexp" 330
"../../../Engine/Content/EngineMaterials/NaniteHiddenSectionMaterial.uasset" 331
"../../../Engine/Content/EngineMaterials/NaniteHiddenSectionMaterial.uexp" 332
"../../../Engine/Content/EngineDamageTypes/DmgTypeBP_Environmental.uasset" 333
"../../../Engine/Content/EngineDamageTypes/DmgTypeBP_Environmental.uexp" 334
"../../../Engine/Content/EditorMaterials/Camera/CineMat.uasset" 335
"../../../Engine/Content/EditorMaterials/Camera/CineMat.uexp" 336
"../../../Engine/Content/EditorMaterials/Camera/MI_CineMat_Rig.uasset" 337
"../../../Engine/Content/EditorMaterials/Camera/MI_CineMat_Rig.uexp" 338
"../../../Engine/Content/EditorMeshes/Camera/SM_CraneRig_Arm.ubulk" 339
"../../../Engine/Content/EditorMeshes/Camera/SM_CraneRig_Arm.uasset" 340
"../../../Engine/Content/EditorMeshes/Camera/SM_CraneRig_Arm.uexp" 341
"../../../Engine/Content/EngineMaterials/PhAT_JointLimitMaterial.uasset" 342
"../../../Engine/Content/EngineMaterials/PhAT_JointLimitMaterial.uexp" 343
"../../../Engine/Content/EditorMeshes/Camera/SM_CraneRig_Base.ubulk" 344
"../../../Engine/Content/EditorMeshes/Camera/SM_CraneRig_Base.uasset" 345
"../../../Engine/Content/EditorMeshes/Camera/SM_CraneRig_Base.uexp" 346
"../../../Engine/Content/EditorMeshes/Camera/SM_CraneRig_Body.ubulk" 347
"../../../Engine/Content/EditorMeshes/Camera/SM_CraneRig_Body.uasset" 348
"../../../Engine/Content/EditorMeshes/Camera/SM_CraneRig_Body.uexp" 349
"../../../Engine/Content/Functions/Engine_MaterialFunctions02/Utility/CameraDirectionVector.uasset" 350
"../../../Engine/Content/Functions/Engine_MaterialFunctions02/Utility/CameraDirectionVector.uexp" 351
"../../../Engine/Content/Functions/Engine_MaterialFunctions02/Utility/VectorLength.uasset" 352
"../../../Engine/Content/Functions/Engine_MaterialFunctions02/Utility/VectorLength.uexp" 353
"../../../Engine/Plugins/Experimental/MeshModelingToolsetExp/Content/Materials/GetDisplacementVectorForDepthBias.uasset" 354
"../../../Engine/Plugins/Experimental/MeshModelingToolsetExp/Content/Materials/GetDisplacementVectorForDepthBias.uexp" 355
"../../../Engine/Content/Functions/Engine_MaterialFunctions03/Viewport/MF_OrthoWidth.uasset" 356
"../../../Engine/Content/Functions/Engine_MaterialFunctions03/Viewport/MF_OrthoWidth.uexp" 357
"../../../Engine/Content/Functions/Engine_MaterialFunctions02/Utility/FOV.uasset" 358
"../../../Engine/Content/Functions/Engine_MaterialFunctions02/Utility/FOV.uexp" 359
"../../../Engine/Content/Functions/Engine_MaterialFunctions02/WorldPositionOffset/V2/ObjectScale.uasset" 360
"../../../Engine/Content/Functions/Engine_MaterialFunctions02/WorldPositionOffset/V2/ObjectScale.uexp" 361
"../../../Engine/Plugins/Experimental/MeshModelingToolsetExp/Content/Materials/PointSetOverlaidComponentMaterial.uasset" 362
"../../../Engine/Plugins/Experimental/MeshModelingToolsetExp/Content/Materials/PointSetOverlaidComponentMaterial.uexp" 363
"../../../Engine/Content/EngineMaterials/DefaultCalibrationColor.uasset" 364
"../../../Engine/Content/EngineMaterials/DefaultCalibrationColor.uexp" 365
"../../../Engine/Content/EngineMaterials/PPM_DefaultCalibrationColor.uasset" 366
"../../../Engine/Content/EngineMaterials/PPM_DefaultCalibrationColor.uexp" 367
"../../../Engine/Content/EditorMeshes/Camera/SM_CraneRig_Mount.ubulk" 368
"../../../Engine/Content/EditorMeshes/Camera/SM_CraneRig_Mount.uasset" 369
"../../../Engine/Content/EditorMeshes/Camera/SM_CraneRig_Mount.uexp" 370
"../../../Engine/Content/EngineMaterials/DefaultCalibrationGrayscale.uasset" 371
"../../../Engine/Content/EngineMaterials/DefaultCalibrationGrayscale.uexp" 372
"../../../Engine/Content/EngineMaterials/PPM_DefaultCalibrationGrayscale.uasset" 373
"../../../Engine/Content/EngineMaterials/PPM_DefaultCalibrationGrayscale.uexp" 374
"../../../Engine/Content/EditorMeshes/Camera/SM_RailRig_Mount.ubulk" 375
"../../../Engine/Content/EditorMeshes/Camera/SM_RailRig_Mount.uasset" 376
"../../../Engine/Content/EditorMeshes/Camera/SM_RailRig_Mount.uexp" 377
"../../../Engine/Content/EngineMaterials/PreintegratedSkinBRDF.uasset" 378
"../../../Engine/Content/EngineMaterials/PreintegratedSkinBRDF.uexp" 379
"../../../Engine/Content/EditorMeshes/Camera/SM_RailRig_Track.ubulk" 380
"../../../Engine/Content/EditorMeshes/Camera/SM_RailRig_Track.uasset" 381
"../../../Engine/Content/EditorMeshes/Camera/SM_RailRig_Track.uexp" 382
"../../../Engine/Content/EngineDebugMaterials/DebugEditorMaterial.uasset" 383
"../../../Engine/Content/EngineDebugMaterials/DebugEditorMaterial.uexp" 384
"../../../Engine/Content/EngineDebugMaterials/DebugMeshMaterial.uasset" 385
"../../../Engine/Content/EngineDebugMaterials/DebugMeshMaterial.uexp" 386
"../../../Engine/Content/EngineMaterials/RemoveSurfaceMaterial.uasset" 387
"../../../Engine/Content/EngineMaterials/RemoveSurfaceMaterial.uexp" 388
"../../../Engine/Content/EngineMaterials/SMAAAreaTex.uasset" 389
"../../../Engine/Content/EngineMaterials/SMAAAreaTex.uexp" 390
"../../../Engine/Content/EngineMaterials/SMAASearchTex.uasset" 391
"../../../Engine/Content/EngineMaterials/SMAASearchTex.uexp" 392
"../../../Engine/Plugins/Interchange/Assets/Content/Functions/MX_AbsorptionVDF.uasset" 393
"../../../Engine/Plugins/Interchange/Assets/Content/Functions/MX_AbsorptionVDF.uexp" 394
"../../../Engine/Plugins/Interchange/Assets/Content/Functions/MX_AnisotropicVDF.uasset" 395
"../../../Engine/Plugins/Interchange/Assets/Content/Functions/MX_AnisotropicVDF.uexp" 396
"../../../Engine/Content/EngineDebugMaterials/M_SimpleUnlitTranslucent.uasset" 397
"../../../Engine/Content/EngineDebugMaterials/M_SimpleUnlitTranslucent.uexp" 398
"../../../Engine/Plugins/Interchange/Assets/Content/Functions/MX_BurleyDiffuseBSDF.uasset" 399
"../../../Engine/Plugins/Interchange/Assets/Content/Functions/MX_BurleyDiffuseBSDF.uexp" 400
"../../../Engine/Content/EngineDebugMaterials/VolumeToRender.uasset" 401
"../../../Engine/Content/EngineDebugMaterials/VolumeToRender.uexp" 402
"../../../Engine/Content/EngineDebugMaterials/M_VolumeRenderSphereTracePP.uasset" 403
"../../../Engine/Content/EngineDebugMaterials/M_VolumeRenderSphereTracePP.uexp" 404
"../../../Engine/Plugins/Interchange/Assets/Content/Functions/MX_ChiangHairBSDF.uasset" 405
"../../../Engine/Plugins/Interchange/Assets/Content/Functions/MX_ChiangHairBSDF.uexp" 406
"../../../Engine/Plugins/Interchange/Assets/Content/Functions/MX_ConductorBSDF.uasset" 407
"../../../Engine/Plugins/Interchange/Assets/Content/Functions/MX_ConductorBSDF.uexp" 408
"../../../Engine/Plugins/Interchange/Assets/Content/Functions/MX_ConicalEDF.uasset" 409
"../../../Engine/Plugins/Interchange/Assets/Content/Functions/MX_ConicalEDF.uexp" 410
"../../../Engine/Content/EngineMaterials/WeightMapPlaceholderTexture.uasset" 411
"../../../Engine/Content/EngineMaterials/WeightMapPlaceholderTexture.uexp" 412
"../../../Engine/Content/EngineMaterials/WeightMapArrayPlaceholderTexture.uasset" 413
"../../../Engine/Content/EngineMaterials/WeightMapArrayPlaceholderTexture.uexp" 414
"../../../Engine/Content/EditorMaterials/Dataflow/DataflowTwoSidedVertexMaterial.uasset" 415
"../../../Engine/Content/EditorMaterials/Dataflow/DataflowTwoSidedVertexMaterial.uexp" 416
"../../../Engine/Plugins/Interchange/Assets/Content/Functions/MX_DielectricBSDF.uasset" 417
"../../../Engine/Plugins/Interchange/Assets/Content/Functions/MX_DielectricBSDF.uexp" 418
"../../../Engine/Content/EditorMaterials/PhAT_NoCollisionMaterial.uasset" 419
"../../../Engine/Content/EditorMaterials/PhAT_NoCollisionMaterial.uexp" 420
"../../../Engine/Plugins/Interchange/Assets/Content/Functions/MX_Displacement.uasset" 421
"../../../Engine/Plugins/Interchange/Assets/Content/Functions/MX_Displacement.uexp" 422
"../../../Engine/Content/EditorMaterials/PhAT_UnselectedMaterial.uasset" 423
"../../../Engine/Content/EditorMaterials/PhAT_UnselectedMaterial.uexp" 424
"../../../Engine/Content/EngineResources/WhiteSquareTexture.uasset" 425
"../../../Engine/Content/EngineResources/WhiteSquareTexture.uexp" 426
"../../../Engine/Content/EngineMaterials/Widget3DPassThrough.uasset" 427
"../../../Engine/Content/EngineMaterials/Widget3DPassThrough.uexp" 428
"../../../Engine/Content/EngineMaterials/Widget3DPassThrough_Masked.uasset" 429
"../../../Engine/Content/EngineMaterials/Widget3DPassThrough_Masked.uexp" 430
"../../../Engine/Content/EngineMaterials/Widget3DPassThrough_Opaque.uasset" 431
"../../../Engine/Content/EngineMaterials/Widget3DPassThrough_Opaque.uexp" 432
"../../../Engine/Content/EngineMaterials/Widget3DPassThrough_Masked_OneSided.uasset" 433
"../../../Engine/Content/EngineMaterials/Widget3DPassThrough_Masked_OneSided.uexp" 434
"../../../Engine/Plugins/Interchange/Assets/Content/Functions/MX_GeneralizedSchlickBSDF.uasset" 435
"../../../Engine/Plugins/Interchange/Assets/Content/Functions/MX_GeneralizedSchlickBSDF.uexp" 436
"../../../Engine/Content/EditorMaterials/Dataflow/DataflowVertexMaterial.uasset" 437
"../../../Engine/Content/EditorMaterials/Dataflow/DataflowVertexMaterial.uexp" 438
"../../../Engine/Content/EngineMaterials/Widget3DPassThrough_Opaque_OneSided.uasset" 439
"../../../Engine/Content/EngineMaterials/Widget3DPassThrough_Opaque_OneSided.uexp" 440
"../../../Engine/Content/EditorMaterials/PreviewShadowIndicator.ubulk" 441
"../../../Engine/Content/EditorMaterials/PreviewShadowIndicator.uasset" 442
"../../../Engine/Content/EditorMaterials/PreviewShadowIndicator.uexp" 443
"../../../Engine/Content/EditorMaterials/PreviewShadowIndicatorMaterial.uasset" 444
"../../../Engine/Content/EditorMaterials/PreviewShadowIndicatorMaterial.uexp" 445
"../../../Engine/Content/EngineMaterials/Widget3DPassThrough_Translucent.uasset" 446
"../../../Engine/Content/EngineMaterials/Widget3DPassThrough_Translucent.uexp" 447
"../../../Engine/Content/EngineMaterials/Widget3DPassThrough_Translucent_OneSided.uasset" 448
"../../../Engine/Content/EngineMaterials/Widget3DPassThrough_Translucent_OneSided.uexp" 449
"../../../Engine/Plugins/Interchange/Assets/Content/Functions/MX_MeasuredEDF.uasset" 450
"../../../Engine/Plugins/Interchange/Assets/Content/Functions/MX_MeasuredEDF.uexp" 451
"../../../Engine/Plugins/Interchange/Assets/Content/Functions/MF_IridescenceNoLUT.uasset" 452
"../../../Engine/Plugins/Interchange/Assets/Content/Functions/MF_IridescenceNoLUT.uexp" 453
"../../../Engine/Plugins/Interchange/Assets/Content/Functions/MX_StandardSurface.uasset" 454
"../../../Engine/Plugins/Interchange/Assets/Content/Functions/MX_StandardSurface.uexp" 455
"../../../Engine/Plugins/Interchange/Assets/Content/Functions/MX_OpenPBR_Opaque.uasset" 456
"../../../Engine/Plugins/Interchange/Assets/Content/Functions/MX_OpenPBR_Opaque.uexp" 457
"../../../Engine/Plugins/Interchange/Assets/Content/Functions/MX_TransmissionSurface.uasset" 458
"../../../Engine/Plugins/Interchange/Assets/Content/Functions/MX_TransmissionSurface.uexp" 459
"../../../Engine/Plugins/Interchange/Assets/Content/Functions/MX_OpenPBR_Translucent.uasset" 460
"../../../Engine/Plugins/Interchange/Assets/Content/Functions/MX_OpenPBR_Translucent.uexp" 461
"../../../Engine/Plugins/Interchange/Assets/Content/Functions/MX_OrenNayarBSDF.uasset" 462
"../../../Engine/Plugins/Interchange/Assets/Content/Functions/MX_OrenNayarBSDF.uexp" 463
"../../../Engine/Content/EditorResources/SequenceRecorder/Countdown.uasset" 464
"../../../Engine/Content/EditorResources/SequenceRecorder/Countdown.uexp" 465
"../../../Engine/Content/EditorResources/SequenceRecorder/RecordingIndicator.uasset" 466
"../../../Engine/Content/EditorResources/SequenceRecorder/RecordingIndicator.uexp" 467
"../../../Engine/Plugins/Interchange/Assets/Content/Functions/MX_SheenBSDF.uasset" 468
"../../../Engine/Plugins/Interchange/Assets/Content/Functions/MX_SheenBSDF.uexp" 469
"../../../Engine/Content/EngineMeshes/Sphere.ubulk" 470
"../../../Engine/Content/EngineMeshes/Sphere.uasset" 471
"../../../Engine/Content/EngineMeshes/Sphere.uexp" 472
"../../../Engine/Content/EngineResources/Black.uasset" 473
"../../../Engine/Content/EngineResources/Black.uexp" 474
"../../../Engine/Content/EngineResources/DefaultTextureCube.uasset" 475
"../../../Engine/Content/EngineResources/DefaultTextureCube.uexp" 476
"../../../Engine/Content/EngineResources/GradientTexture0.uasset" 477
"../../../Engine/Content/EngineResources/GradientTexture0.uexp" 478
"../../../Engine/Content/EngineMaterials/EnergyConservation/Diffuse_Energy.uasset" 479
"../../../Engine/Content/EngineMaterials/EnergyConservation/Diffuse_Energy.uexp" 480
"../../../Engine/Content/EngineMaterials/EnergyConservation/GGX_ReflectionEnergy.uasset" 481
"../../../Engine/Content/EngineMaterials/EnergyConservation/GGX_ReflectionEnergy.uexp" 482
"../../../Engine/Plugins/Runtime/AudioWidgets/Content/Resources/ScrubHandleDown_Clamped.uasset" 483
"../../../Engine/Plugins/Runtime/AudioWidgets/Content/Resources/ScrubHandleDown_Clamped.uexp" 484
"../../../Engine/Content/EngineResources/LandscapeVisibilityLayerInfo.uasset" 485
"../../../Engine/Content/EngineResources/LandscapeVisibilityLayerInfo.uexp" 486
"../../../Engine/Content/EngineMaterials/EnergyConservation/GGX_TransmissionEnergyArray.uasset" 487
"../../../Engine/Content/EngineMaterials/EnergyConservation/GGX_TransmissionEnergyArray.uexp" 488
"../../../Engine/Content/EngineMaterials/EnergyConservation/SheenLegacy_Energy.uasset" 489
"../../../Engine/Content/EngineMaterials/EnergyConservation/SheenLegacy_Energy.uexp" 490
"../../../Engine/Content/EngineMaterials/EnergyConservation/Sheen_Energy.uasset" 491
"../../../Engine/Content/EngineMaterials/EnergyConservation/Sheen_Energy.uexp" 492
"../../../Engine/Content/EngineMaterials/LTC/GGX_LTCAmp.uasset" 493
"../../../Engine/Content/EngineMaterials/LTC/GGX_LTCAmp.uexp" 494
"../../../Engine/Content/EditorMaterials/ParticleSystems/PSysThumbnail_NoImage.ubulk" 495
"../../../Engine/Content/EditorMaterials/ParticleSystems/PSysThumbnail_NoImage.uasset" 496
"../../../Engine/Content/EditorMaterials/ParticleSystems/PSysThumbnail_NoImage.uexp" 497
"../../../Engine/Content/EngineMaterials/LTC/GGX_LTCMat.uasset" 498
"../../../Engine/Content/EngineMaterials/LTC/GGX_LTCMat.uexp" 499
"../../../Engine/Content/EditorMaterials/ParticleSystems/PSysThumbnail_OOD.ubulk" 500
"../../../Engine/Content/EditorMaterials/ParticleSystems/PSysThumbnail_OOD.uasset" 501
"../../../Engine/Content/EditorMaterials/ParticleSystems/PSysThumbnail_OOD.uexp" 502
"../../../Engine/Content/EngineMaterials/LTC/Sheen_LTC.uasset" 503
"../../../Engine/Content/EngineMaterials/LTC/Sheen_LTC.uexp" 504
"../../../Engine/Content/EngineResources/Development/ZenLogo_64.uasset" 505
"../../../Engine/Content/EngineResources/Development/ZenLogo_64.uexp" 506
"../../../Engine/Content/EngineResources/FilmGrains/Marcie_Grain_v3_128_M2_000.uasset" 507
"../../../Engine/Content/EngineResources/FilmGrains/Marcie_Grain_v3_128_M2_000.uexp" 508
"../../../Engine/Content/Functions/Engine_MaterialFunctions02/Utility/BreakOutFloat4Components.uasset" 509
"../../../Engine/Content/Functions/Engine_MaterialFunctions02/Utility/BreakOutFloat4Components.uexp" 510
"../../../Engine/Content/Functions/Engine_MaterialFunctions02/Utility/BreakOutFloat3Components.uasset" 511
"../../../Engine/Content/Functions/Engine_MaterialFunctions02/Utility/BreakOutFloat3Components.uexp" 512
"../../../Engine/Content/Functions/Engine_MaterialFunctions02/Utility/MakeFloat4.uasset" 513
"../../../Engine/Content/Functions/Engine_MaterialFunctions02/Utility/MakeFloat4.uexp" 514
"../../../Engine/Content/EngineResources/DefaultVolumeTexture2D.uasset" 515
"../../../Engine/Content/EngineResources/DefaultVolumeTexture2D.uexp" 516
"../../../Engine/Content/EngineResources/DefaultVolumeTexture.uasset" 517
"../../../Engine/Content/EngineResources/DefaultVolumeTexture.uexp" 518
"../../../Engine/Content/EngineSky/VolumetricClouds/VT_Lightning.uasset" 519
"../../../Engine/Content/EngineSky/VolumetricClouds/VT_Lightning.uexp" 520
"../../../Engine/Content/Functions/Engine_MaterialFunctions01/Units/Km-to-Cm.uasset" 521
"../../../Engine/Content/Functions/Engine_MaterialFunctions01/Units/Km-to-Cm.uexp" 522
"../../../Engine/Content/EngineSky/VolumetricClouds/m_SimpleVolumetricCloud.uasset" 523
"../../../Engine/Content/EngineSky/VolumetricClouds/m_SimpleVolumetricCloud.uexp" 524
"../../../Engine/Content/EngineSky/VolumetricClouds/T_CloudMask.ubulk" 525
"../../../Engine/Content/EngineSky/VolumetricClouds/T_CloudMask.uasset" 526
"../../../Engine/Content/EngineSky/VolumetricClouds/T_CloudMask.uexp" 527
"../../../Engine/Content/EngineSky/VolumetricClouds/T_CloudPattern.ubulk" 528
"../../../Engine/Content/EngineSky/VolumetricClouds/T_CloudPattern.uasset" 529
"../../../Engine/Content/EngineSky/VolumetricClouds/T_CloudPattern.uexp" 530
"../../../Engine/Content/EngineSky/VolumetricClouds/T_Profile_08.ubulk" 531
"../../../Engine/Content/EngineSky/VolumetricClouds/T_Profile_08.uasset" 532
"../../../Engine/Content/EngineSky/VolumetricClouds/T_Profile_08.uexp" 533
"../../../Engine/Content/EngineSky/VolumetricClouds/VT_PerlinWorley_Balanced.uasset" 534
"../../../Engine/Content/EngineSky/VolumetricClouds/VT_PerlinWorley_Balanced.uexp" 535
"../../../Engine/Content/EngineSky/VolumetricClouds/m_SimpleVolumetricCloud_Inst.uasset" 536
"../../../Engine/Content/EngineSky/VolumetricClouds/m_SimpleVolumetricCloud_Inst.uexp" 537
"../../../Engine/Content/VREditor/LaserPointer/VR_LaserPower_01.ubulk" 538
"../../../Engine/Content/VREditor/LaserPointer/VR_LaserPower_01.uasset" 539
"../../../Engine/Content/VREditor/LaserPointer/VR_LaserPower_01.uexp" 540
"../../../Engine/Content/VREditor/TransformGizmo/TransformGizmoMaterial.uasset" 541
"../../../Engine/Content/VREditor/TransformGizmo/TransformGizmoMaterial.uexp" 542
"../../../Engine/Content/VREditor/TransformGizmo/TranslucentTransformGizmoMaterial.uasset" 543
"../../../Engine/Content/VREditor/TransformGizmo/TranslucentTransformGizmoMaterial.uexp" 544
"../../../Engine/Content/VREditor/TransformGizmo/BoundingBoxCorner.ubulk" 545
"../../../Engine/Content/VREditor/TransformGizmo/BoundingBoxCorner.uasset" 546
"../../../Engine/Content/VREditor/TransformGizmo/BoundingBoxCorner.uexp" 547
"../../../Engine/Content/VREditor/TransformGizmo/BoundingBoxEdge.ubulk" 548
"../../../Engine/Content/VREditor/TransformGizmo/BoundingBoxEdge.uasset" 549
"../../../Engine/Content/VREditor/TransformGizmo/BoundingBoxEdge.uexp" 550
"../../../Engine/Content/EngineMaterials/BlendFunc_DefBase.uasset" 551
"../../../Engine/Content/EngineMaterials/BlendFunc_DefBase.uexp" 552
"../../../Engine/Content/EngineMaterials/BlendFunc_DefBlend.uasset" 553
"../../../Engine/Content/EngineMaterials/BlendFunc_DefBlend.uexp" 554
"../../../Engine/Content/Functions/Engine_MaterialFunctions03/Blends/Blend_Overlay.uasset" 555
"../../../Engine/Content/Functions/Engine_MaterialFunctions03/Blends/Blend_Overlay.uexp" 556
"../../../Engine/Content/Functions/Engine_MaterialFunctions01/Gradient/LinearGradient.uasset" 557
"../../../Engine/Content/Functions/Engine_MaterialFunctions01/Gradient/LinearGradient.uexp" 558
"../../../Engine/Content/Functions/Engine_MaterialFunctions01/ImageAdjustment/CheapContrast.uasset" 559
"../../../Engine/Content/Functions/Engine_MaterialFunctions01/ImageAdjustment/CheapContrast.uexp" 560
"../../../Engine/Content/OpenWorldTemplate/LandscapeMaterial/T_GridChecker_A.ubulk" 561
"../../../Engine/Content/OpenWorldTemplate/LandscapeMaterial/T_GridChecker_A.uasset" 562
"../../../Engine/Content/OpenWorldTemplate/LandscapeMaterial/T_GridChecker_A.uexp" 563
"../../../Engine/Content/OpenWorldTemplate/LandscapeMaterial/MF_ProcGrid.uasset" 564
"../../../Engine/Content/OpenWorldTemplate/LandscapeMaterial/MF_ProcGrid.uexp" 565
"../../../Engine/Content/OpenWorldTemplate/LandscapeMaterial/M_ProcGrid.uasset" 566
"../../../Engine/Content/OpenWorldTemplate/LandscapeMaterial/M_ProcGrid.uexp" 567
"../../../Engine/Content/ArtTools/RenderToTexture/Meshes/S_1_Unit_Plane.ubulk" 568
"../../../Engine/Content/ArtTools/RenderToTexture/Meshes/S_1_Unit_Plane.uasset" 569
"../../../Engine/Content/ArtTools/RenderToTexture/Meshes/S_1_Unit_Plane.uexp" 570
"../../../Engine/Content/Functions/Engine_MaterialFunctions01/Texturing/FlattenNormal.uasset" 571
"../../../Engine/Content/Functions/Engine_MaterialFunctions01/Texturing/FlattenNormal.uexp" 572
"../../../Engine/Content/Functions/Engine_MaterialFunctions02/Math/Transform3x3Matrix.uasset" 573
"../../../Engine/Content/Functions/Engine_MaterialFunctions02/Math/Transform3x3Matrix.uexp" 574
"../../../Engine/Plugins/Interchange/Assets/Content/Utilities/New_LUT.uasset" 575
"../../../Engine/Plugins/Interchange/Assets/Content/Utilities/New_LUT.uexp" 576
"../../../Engine/Content/Functions/Engine_MaterialFunctions03/Math/RemapValueRange.uasset" 577
"../../../Engine/Content/Functions/Engine_MaterialFunctions03/Math/RemapValueRange.uexp" 578
"../../../Engine/Plugins/Interchange/Assets/Content/Functions/MF_Iridescence.uasset" 579
"../../../Engine/Plugins/Interchange/Assets/Content/Functions/MF_Iridescence.uexp" 580
"../../../Engine/Plugins/Interchange/Assets/Content/gltf/Textures/T_White_srgb.uasset" 581
"../../../Engine/Plugins/Interchange/Assets/Content/gltf/Textures/T_White_srgb.uexp" 582
"../../../Engine/Plugins/Interchange/Assets/Content/gltf/MaterialFunctions/MF_BaseColor.uasset" 583
"../../../Engine/Plugins/Interchange/Assets/Content/gltf/MaterialFunctions/MF_BaseColor.uexp" 584
"../../../Engine/Plugins/Interchange/Assets/Content/gltf/MaterialFunctions/MF_RotateNormals_TS.uasset" 585
"../../../Engine/Plugins/Interchange/Assets/Content/gltf/MaterialFunctions/MF_RotateNormals_TS.uexp" 586
"../../../Engine/Plugins/Interchange/Assets/Content/gltf/Textures/T_Generic_N.uasset" 587
"../../../Engine/Plugins/Interchange/Assets/Content/gltf/Textures/T_Generic_N.uexp" 588
"../../../Engine/Plugins/Interchange/Assets/Content/gltf/Textures/T_White_Linear.uasset" 589
"../../../Engine/Plugins/Interchange/Assets/Content/gltf/Textures/T_White_Linear.uexp" 590
"../../../Engine/Plugins/Interchange/Assets/Content/gltf/MaterialFunctions/MF_Clearcoat.uasset" 591
"../../../Engine/Plugins/Interchange/Assets/Content/gltf/MaterialFunctions/MF_Clearcoat.uexp" 592
"../../../Engine/Plugins/Interchange/Assets/Content/gltf/MaterialFunctions/MF_Emissive.uasset" 593
"../../../Engine/Plugins/Interchange/Assets/Content/gltf/MaterialFunctions/MF_Emissive.uexp" 594
"../../../Engine/Plugins/Interchange/Assets/Content/gltf/MaterialFunctions/MF_IOR.uasset" 595
"../../../Engine/Plugins/Interchange/Assets/Content/gltf/MaterialFunctions/MF_IOR.uexp" 596
"../../../Engine/Plugins/Interchange/Assets/Content/gltf/MaterialFunctions/MF_Iridescence.uasset" 597
"../../../Engine/Plugins/Interchange/Assets/Content/gltf/MaterialFunctions/MF_Iridescence.uexp" 598
"../../../Engine/Plugins/Interchange/Assets/Content/gltf/MaterialFunctions/MF_MetallicRoughness.uasset" 599
"../../../Engine/Plugins/Interchange/Assets/Content/gltf/MaterialFunctions/MF_MetallicRoughness.uexp" 600
"../../../Engine/Plugins/Interchange/Assets/Content/gltf/MaterialFunctions/MF_ScaleNormal.uasset" 601
"../../../Engine/Plugins/Interchange/Assets/Content/gltf/MaterialFunctions/MF_ScaleNormal.uexp" 602
"../../../Engine/Plugins/Interchange/Assets/Content/gltf/MaterialFunctions/MF_Normals.uasset" 603
"../../../Engine/Plugins/Interchange/Assets/Content/gltf/MaterialFunctions/MF_Normals.uexp" 604
"../../../Engine/Plugins/Interchange/Assets/Content/gltf/MaterialFunctions/MF_Occlusion.uasset" 605
"../../../Engine/Plugins/Interchange/Assets/Content/gltf/MaterialFunctions/MF_Occlusion.uexp" 606
"../../../Engine/Plugins/Interchange/Assets/Content/gltf/MaterialFunctions/MF_Specular.uasset" 607
"../../../Engine/Plugins/Interchange/Assets/Content/gltf/MaterialFunctions/MF_Specular.uexp" 608
"../../../Engine/Plugins/Interchange/Assets/Content/gltf/Textures/T_Anisotropy_Direction_Linear.uasset" 609
"../../../Engine/Plugins/Interchange/Assets/Content/gltf/Textures/T_Anisotropy_Direction_Linear.uexp" 610
"../../../Engine/Plugins/Interchange/Assets/Content/gltf/MaterialFunctions/MF_SpecularAnisotropy.uasset" 611
"../../../Engine/Plugins/Interchange/Assets/Content/gltf/MaterialFunctions/MF_SpecularAnisotropy.uexp" 612
"../../../Engine/Plugins/Interchange/Assets/Content/gltf/MaterialFunctions/MF_RotateV2.uasset" 613
"../../../Engine/Plugins/Interchange/Assets/Content/gltf/MaterialFunctions/MF_RotateV2.uexp" 614
"../../../Engine/Plugins/Interchange/Assets/Content/gltf/MaterialFunctions/MF_TransformUVs.uasset" 615
"../../../Engine/Plugins/Interchange/Assets/Content/gltf/MaterialFunctions/MF_TransformUVs.uexp" 616
"../../../Engine/Plugins/Interchange/Assets/Content/gltf/MaterialBodies/MF_ClearCoat_Body.uasset" 617
"../../../Engine/Plugins/Interchange/Assets/Content/gltf/MaterialBodies/MF_ClearCoat_Body.uexp" 618
"../../../Engine/Plugins/Interchange/Assets/Content/gltf/M_ClearCoat.uasset" 619
"../../../Engine/Plugins/Interchange/Assets/Content/gltf/M_ClearCoat.uexp" 620
"../../../Engine/Plugins/Interchange/Assets/Content/gltf/MaterialInstances/MI_ClearCoat_Blend.uasset" 621
"../../../Engine/Plugins/Interchange/Assets/Content/gltf/MaterialInstances/MI_ClearCoat_Blend.uexp" 622
"../../../Engine/Plugins/Interchange/Assets/Content/gltf/MaterialInstances/MI_ClearCoat_Blend_DS.uasset" 623
"../../../Engine/Plugins/Interchange/Assets/Content/gltf/MaterialInstances/MI_ClearCoat_Blend_DS.uexp" 624
"../../../Engine/Plugins/Interchange/Assets/Content/gltf/MaterialInstances/MI_ClearCoat_Mask.uasset" 625
"../../../Engine/Plugins/Interchange/Assets/Content/gltf/MaterialInstances/MI_ClearCoat_Mask.uexp" 626
"../../../Engine/Plugins/Interchange/Assets/Content/gltf/MaterialInstances/MI_ClearCoat_Mask_DS.uasset" 627
"../../../Engine/Plugins/Interchange/Assets/Content/gltf/MaterialInstances/MI_ClearCoat_Mask_DS.uexp" 628
"../../../Engine/Plugins/Interchange/Assets/Content/gltf/MaterialInstances/MI_ClearCoat_Opaque.uasset" 629
"../../../Engine/Plugins/Interchange/Assets/Content/gltf/MaterialInstances/MI_ClearCoat_Opaque.uexp" 630
"../../../Engine/Content/EngineMaterials/Substrate/GLints/AGlintTex2dArray.uasset" 631
"../../../Engine/Content/EngineMaterials/Substrate/GLints/AGlintTex2dArray.uexp" 632
"../../../Engine/Plugins/Interchange/Assets/Content/gltf/MaterialInstances/MI_ClearCoat_Opaque_DS.uasset" 633
"../../../Engine/Plugins/Interchange/Assets/Content/gltf/MaterialInstances/MI_ClearCoat_Opaque_DS.uexp" 634
"../../../Engine/Plugins/Interchange/Assets/Content/gltf/MaterialBodies/MF_Default_Body.uasset" 635
"../../../Engine/Plugins/Interchange/Assets/Content/gltf/MaterialBodies/MF_Default_Body.uexp" 636
"../../../Engine/Plugins/Interchange/Assets/Content/gltf/M_Default.uasset" 637
"../../../Engine/Plugins/Interchange/Assets/Content/gltf/M_Default.uexp" 638
"../../../Engine/Plugins/Interchange/Assets/Content/gltf/MaterialInstances/MI_Default_Blend.uasset" 639
"../../../Engine/Plugins/Interchange/Assets/Content/gltf/MaterialInstances/MI_Default_Blend.uexp" 640
"../../../Engine/Plugins/Interchange/Assets/Content/gltf/MaterialInstances/MI_Default_Blend_DS.uasset" 641
"../../../Engine/Plugins/Interchange/Assets/Content/gltf/MaterialInstances/MI_Default_Blend_DS.uexp" 642
"../../../Engine/Plugins/Interchange/Assets/Content/gltf/MaterialInstances/MI_Default_Mask.uasset" 643
"../../../Engine/Plugins/Interchange/Assets/Content/gltf/MaterialInstances/MI_Default_Mask.uexp" 644
"../../../Engine/Plugins/Interchange/Assets/Content/gltf/MaterialInstances/MI_Default_Mask_DS.uasset" 645
"../../../Engine/Plugins/Interchange/Assets/Content/gltf/MaterialInstances/MI_Default_Mask_DS.uexp" 646
"../../../Engine/Plugins/Interchange/Assets/Content/gltf/MaterialInstances/MI_Default_Opaque.uasset" 647
"../../../Engine/Plugins/Interchange/Assets/Content/gltf/MaterialInstances/MI_Default_Opaque.uexp" 648
"../../../Engine/Plugins/Interchange/Assets/Content/gltf/MaterialFunctions/MF_Sheen.uasset" 649
"../../../Engine/Plugins/Interchange/Assets/Content/gltf/MaterialFunctions/MF_Sheen.uexp" 650
"../../../Engine/Plugins/Interchange/Assets/Content/gltf/MaterialBodies/MF_Sheen_Body.uasset" 651
"../../../Engine/Plugins/Interchange/Assets/Content/gltf/MaterialBodies/MF_Sheen_Body.uexp" 652
"../../../Engine/Plugins/Interchange/Assets/Content/gltf/M_Sheen.uasset" 653
"../../../Engine/Plugins/Interchange/Assets/Content/gltf/M_Sheen.uexp" 654
"../../../Engine/Plugins/Interchange/Assets/Content/gltf/MaterialInstances/MI_Sheen_Blend.uasset" 655
"../../../Engine/Plugins/Interchange/Assets/Content/gltf/MaterialInstances/MI_Sheen_Blend.uexp" 656
"../../../Engine/Plugins/Interchange/Assets/Content/gltf/MaterialInstances/MI_Sheen_Blend_DS.uasset" 657
"../../../Engine/Plugins/Interchange/Assets/Content/gltf/MaterialInstances/MI_Sheen_Blend_DS.uexp" 658
"../../../Engine/Plugins/Interchange/Assets/Content/gltf/MaterialInstances/MI_Sheen_Mask.uasset" 659
"../../../Engine/Plugins/Interchange/Assets/Content/gltf/MaterialInstances/MI_Sheen_Mask.uexp" 660
"../../../Engine/Plugins/Interchange/Assets/Content/gltf/MaterialInstances/MI_Sheen_Mask_DS.uasset" 661
"../../../Engine/Plugins/Interchange/Assets/Content/gltf/MaterialInstances/MI_Sheen_Mask_DS.uexp" 662
"../../../Engine/Plugins/Interchange/Assets/Content/gltf/MaterialInstances/MI_Sheen_Opaque.uasset" 663
"../../../Engine/Plugins/Interchange/Assets/Content/gltf/MaterialInstances/MI_Sheen_Opaque.uexp" 664
"../../../Engine/Plugins/Interchange/Assets/Content/gltf/MaterialInstances/MI_Sheen_Opaque_DS.uasset" 665
"../../../Engine/Plugins/Interchange/Assets/Content/gltf/MaterialInstances/MI_Sheen_Opaque_DS.uexp" 666
"../../../Engine/Plugins/Interchange/Assets/Content/gltf/MaterialFunctions/MF_DiffuseSpecGloss.uasset" 667
"../../../Engine/Plugins/Interchange/Assets/Content/gltf/MaterialFunctions/MF_DiffuseSpecGloss.uexp" 668
"../../../Engine/Plugins/Interchange/Assets/Content/gltf/MaterialFunctions/MF_MaxComponentValue.uasset" 669
"../../../Engine/Plugins/Interchange/Assets/Content/gltf/MaterialFunctions/MF_MaxComponentValue.uexp" 670
"../../../Engine/Content/Functions/Engine_MaterialFunctions02/Math/AddComponents.uasset" 671
"../../../Engine/Content/Functions/Engine_MaterialFunctions02/Math/AddComponents.uexp" 672
"../../../Engine/Plugins/Interchange/Assets/Content/gltf/MaterialFunctions/MF_PerceivedBrightness.uasset" 673
"../../../Engine/Plugins/Interchange/Assets/Content/gltf/MaterialFunctions/MF_PerceivedBrightness.uexp" 674
"../../../Engine/Plugins/Interchange/Assets/Content/gltf/MaterialFunctions/MF_SpecGlossToMetalRoughness.uasset" 675
"../../../Engine/Plugins/Interchange/Assets/Content/gltf/MaterialFunctions/MF_SpecGlossToMetalRoughness.uexp" 676
"../../../Engine/Plugins/Interchange/Assets/Content/gltf/MaterialBodies/MF_SpecularGlossiness_Body.uasset" 677
"../../../Engine/Plugins/Interchange/Assets/Content/gltf/MaterialBodies/MF_SpecularGlossiness_Body.uexp" 678
"../../../Engine/Plugins/Interchange/Assets/Content/gltf/M_SpecularGlossiness.uasset" 679
"../../../Engine/Plugins/Interchange/Assets/Content/gltf/M_SpecularGlossiness.uexp" 680
"../../../Engine/Plugins/Interchange/Assets/Content/gltf/MaterialInstances/MI_SpecularGlossiness_Blend.uasset" 681
"../../../Engine/Plugins/Interchange/Assets/Content/gltf/MaterialInstances/MI_SpecularGlossiness_Blend.uexp" 682
"../../../Engine/Plugins/Interchange/Assets/Content/gltf/MaterialInstances/MI_SpecularGlossiness_Blend_DS.uasset" 683
"../../../Engine/Plugins/Interchange/Assets/Content/gltf/MaterialInstances/MI_SpecularGlossiness_Blend_DS.uexp" 684
"../../../Engine/Plugins/Interchange/Assets/Content/gltf/MaterialInstances/MI_SpecularGlossiness_Mask.uasset" 685
"../../../Engine/Plugins/Interchange/Assets/Content/gltf/MaterialInstances/MI_SpecularGlossiness_Mask.uexp" 686
"../../../Engine/Plugins/Interchange/Assets/Content/gltf/MaterialInstances/MI_SpecularGlossiness_Mask_DS.uasset" 687
"../../../Engine/Plugins/Interchange/Assets/Content/gltf/MaterialInstances/MI_SpecularGlossiness_Mask_DS.uexp" 688
"../../../Engine/Plugins/Interchange/Assets/Content/gltf/MaterialInstances/MI_SpecularGlossiness_Opaque.uasset" 689
"../../../Engine/Plugins/Interchange/Assets/Content/gltf/MaterialInstances/MI_SpecularGlossiness_Opaque.uexp" 690
"../../../Engine/Plugins/Interchange/Assets/Content/gltf/MaterialInstances/MI_SpecularGlossiness_Opaque_DS.uasset" 691
"../../../Engine/Plugins/Interchange/Assets/Content/gltf/MaterialInstances/MI_SpecularGlossiness_Opaque_DS.uexp" 692
"../../../Engine/Content/EngineMaterials/Good64x64TilingNoiseHighFreq.uasset" 693
"../../../Engine/Content/EngineMaterials/Good64x64TilingNoiseHighFreq.uexp" 694
"../../../Engine/Content/Functions/Engine_MaterialFunctions02/Texturing/ScreenAlignedPixelToPixelUVs.uasset" 695
"../../../Engine/Content/Functions/Engine_MaterialFunctions02/Texturing/ScreenAlignedPixelToPixelUVs.uexp" 696
"../../../Engine/Plugins/Interchange/Assets/Content/gltf/MaterialFunctions/MF_Fresnel_DS.uasset" 697
"../../../Engine/Plugins/Interchange/Assets/Content/gltf/MaterialFunctions/MF_Fresnel_DS.uexp" 698
"../../../Engine/Plugins/Interchange/Assets/Content/gltf/MaterialFunctions/MF_Temporal_Blur.uasset" 699
"../../../Engine/Plugins/Interchange/Assets/Content/gltf/MaterialFunctions/MF_Temporal_Blur.uexp" 700
"../../../Engine/Plugins/Interchange/Assets/Content/gltf/MaterialFunctions/MF_Transmission.uasset" 701
"../../../Engine/Plugins/Interchange/Assets/Content/gltf/MaterialFunctions/MF_Transmission.uexp" 702
"../../../Engine/Plugins/Interchange/Assets/Content/gltf/MaterialBodies/MF_Transmission_Body.uasset" 703
"../../../Engine/Plugins/Interchange/Assets/Content/gltf/MaterialBodies/MF_Transmission_Body.uexp" 704
"../../../Engine/Plugins/Interchange/Assets/Content/gltf/M_Transmission.uasset" 705
"../../../Engine/Plugins/Interchange/Assets/Content/gltf/M_Transmission.uexp" 706
"../../../Engine/Plugins/Interchange/Assets/Content/gltf/MaterialInstances/MI_Transmission.uasset" 707
"../../../Engine/Plugins/Interchange/Assets/Content/gltf/MaterialInstances/MI_Transmission.uexp" 708
"../../../Engine/Plugins/Interchange/Assets/Content/gltf/MaterialBodies/MF_Unlit_Body.uasset" 709
"../../../Engine/Plugins/Interchange/Assets/Content/gltf/MaterialBodies/MF_Unlit_Body.uexp" 710
"../../../Engine/Plugins/Interchange/Assets/Content/gltf/M_Unlit.uasset" 711
"../../../Engine/Plugins/Interchange/Assets/Content/gltf/M_Unlit.uexp" 712
"../../../Engine/Plugins/Interchange/Assets/Content/gltf/MaterialInstances/MI_Unlit_Blend.uasset" 713
"../../../Engine/Plugins/Interchange/Assets/Content/gltf/MaterialInstances/MI_Unlit_Blend.uexp" 714
"../../../Engine/Plugins/Interchange/Assets/Content/gltf/MaterialInstances/MI_Unlit_Blend_DS.uasset" 715
"../../../Engine/Plugins/Interchange/Assets/Content/gltf/MaterialInstances/MI_Unlit_Blend_DS.uexp" 716
"../../../Engine/Plugins/Interchange/Assets/Content/gltf/MaterialInstances/MI_Unlit_Mask.uasset" 717
"../../../Engine/Plugins/Interchange/Assets/Content/gltf/MaterialInstances/MI_Unlit_Mask.uexp" 718
"../../../Engine/Plugins/Interchange/Assets/Content/gltf/MaterialInstances/MI_Unlit_Mask_DS.uasset" 719
"../../../Engine/Plugins/Interchange/Assets/Content/gltf/MaterialInstances/MI_Unlit_Mask_DS.uexp" 720
"../../../Engine/Plugins/Interchange/Assets/Content/gltf/MaterialInstances/MI_Unlit_Opaque.uasset" 721
"../../../Engine/Plugins/Interchange/Assets/Content/gltf/MaterialInstances/MI_Unlit_Opaque.uexp" 722
"../../../Engine/Plugins/Interchange/Assets/Content/gltf/MaterialInstances/MI_Unlit_Opaque_DS.uasset" 723
"../../../Engine/Plugins/Interchange/Assets/Content/gltf/MaterialInstances/MI_Unlit_Opaque_DS.uexp" 724
"../../../Engine/Content/Functions/Engine_MaterialFunctions01/Shading/ConvertFromDiffSpec.uasset" 725
"../../../Engine/Content/Functions/Engine_MaterialFunctions01/Shading/ConvertFromDiffSpec.uexp" 726
"../../../Engine/Content/Functions/Engine_MaterialFunctions01/Shading/PowerToRoughness.uasset" 727
"../../../Engine/Content/Functions/Engine_MaterialFunctions01/Shading/PowerToRoughness.uexp" 728
"../../../Engine/Content/EngineMaterials/Substrate/Volume/SubstrateSimpleVolumeEnvLUT3D.uasset" 729
"../../../Engine/Content/EngineMaterials/Substrate/Volume/SubstrateSimpleVolumeEnvLUT3D.uexp" 730
"../../../Engine/Content/EngineMaterials/Substrate/Volume/SubstrateSimpleVolumeLUT3D.uasset" 731
"../../../Engine/Content/EngineMaterials/Substrate/Volume/SubstrateSimpleVolumeLUT3D.uexp" 732
"C:/Users/acker/Desktop/Inbox_from_Hell_updated-001/Content/Background/lkg-office900.uasset" 733
"C:/Users/acker/Desktop/Inbox_from_Hell_updated-001/Content/Background/lkg-office900.uexp" 734
"C:/Users/acker/Desktop/Inbox_from_Hell_updated-001/Content/Background/lkg-office900_Mat.uasset" 735
"C:/Users/acker/Desktop/Inbox_from_Hell_updated-001/Content/Background/lkg-office900_Mat.uexp" 736
"../../../Engine/Content/EngineResources/DefaultTexture.ubulk" 737
"../../../Engine/Content/EngineResources/DefaultTexture.uasset" 738
"../../../Engine/Content/EngineResources/DefaultTexture.uexp" 739
"../../../Engine/Content/EngineMaterials/DefaultNormal.ubulk" 740
"../../../Engine/Content/EngineMaterials/DefaultNormal.uasset" 741
"../../../Engine/Content/EngineMaterials/DefaultNormal.uexp" 742
"../../../Engine/Content/Functions/Engine_MaterialFunctions03/Procedurals/NormalFromHeightmap.uasset" 743
"../../../Engine/Content/Functions/Engine_MaterialFunctions03/Procedurals/NormalFromHeightmap.uexp" 744
"../../../Engine/Plugins/Interchange/Assets/Content/Functions/MF_PhongToMetalRoughness.uasset" 745
"../../../Engine/Plugins/Interchange/Assets/Content/Functions/MF_PhongToMetalRoughness.uexp" 746
"../../../Engine/Plugins/Interchange/Assets/Content/Materials/FBXLegacyPhongSurfaceMaterial.uasset" 747
"../../../Engine/Plugins/Interchange/Assets/Content/Materials/FBXLegacyPhongSurfaceMaterial.uexp" 748
"C:/Users/acker/Desktop/Inbox_from_Hell_updated-001/Content/Fab/Coffee_Mug___Realistic_3D_Asset/Mat_Mug.uasset" 749
"C:/Users/acker/Desktop/Inbox_from_Hell_updated-001/Content/Fab/Coffee_Mug___Realistic_3D_Asset/Mat_Mug.uexp" 750
"C:/Users/acker/Desktop/Inbox_from_Hell_updated-001/Content/Fab/Coffee_Mug___Realistic_3D_Asset/A_Mug_High_01.ubulk" 751
"C:/Users/acker/Desktop/Inbox_from_Hell_updated-001/Content/Fab/Coffee_Mug___Realistic_3D_Asset/A_Mug_High_01.uasset" 752
"C:/Users/acker/Desktop/Inbox_from_Hell_updated-001/Content/Fab/Coffee_Mug___Realistic_3D_Asset/A_Mug_High_01.uexp" 753
"../../../Engine/Plugins/Interchange/Assets/Content/gltf/MaterialInstances/MI_Default_Opaque_DS.uasset" 754
"../../../Engine/Plugins/Interchange/Assets/Content/gltf/MaterialInstances/MI_Default_Opaque_DS.uexp" 755
"C:/Users/acker/Desktop/Inbox_from_Hell_updated-001/Content/Inbox_from_hell/plush_labubu_keychain_character/Textures/plush_labubu_keychain_character_texture_0.ubulk" 756
"C:/Users/acker/Desktop/Inbox_from_Hell_updated-001/Content/Inbox_from_hell/plush_labubu_keychain_character/Textures/plush_labubu_keychain_character_texture_0.uasset" 757
"C:/Users/acker/Desktop/Inbox_from_Hell_updated-001/Content/Inbox_from_hell/plush_labubu_keychain_character/Textures/plush_labubu_keychain_character_texture_0.uexp" 758
"C:/Users/acker/Desktop/Inbox_from_Hell_updated-001/Content/Inbox_from_hell/plush_labubu_keychain_character/Textures/plush_labubu_keychain_character_texture_1.ubulk" 759
"C:/Users/acker/Desktop/Inbox_from_Hell_updated-001/Content/Inbox_from_hell/plush_labubu_keychain_character/Textures/plush_labubu_keychain_character_texture_1.uasset" 760
"C:/Users/acker/Desktop/Inbox_from_Hell_updated-001/Content/Inbox_from_hell/plush_labubu_keychain_character/Textures/plush_labubu_keychain_character_texture_1.uexp" 761
"C:/Users/acker/Desktop/Inbox_from_Hell_updated-001/Content/Inbox_from_hell/plush_labubu_keychain_character/Textures/plush_labubu_keychain_character_texture_2.ubulk" 762
"C:/Users/acker/Desktop/Inbox_from_Hell_updated-001/Content/Inbox_from_hell/plush_labubu_keychain_character/Textures/plush_labubu_keychain_character_texture_2.uasset" 763
"C:/Users/acker/Desktop/Inbox_from_Hell_updated-001/Content/Inbox_from_hell/plush_labubu_keychain_character/Textures/plush_labubu_keychain_character_texture_2.uexp" 764
"C:/Users/acker/Desktop/Inbox_from_Hell_updated-001/Content/Inbox_from_hell/plush_labubu_keychain_character/Materials/material_0.uasset" 765
"C:/Users/acker/Desktop/Inbox_from_Hell_updated-001/Content/Inbox_from_hell/plush_labubu_keychain_character/Materials/material_0.uexp" 766
"C:/Users/acker/Desktop/Inbox_from_Hell_updated-001/Content/Inbox_from_hell/plush_labubu_keychain_character/StaticMeshes/plush_labubu_keychain_character.ubulk" 767
"C:/Users/acker/Desktop/Inbox_from_Hell_updated-001/Content/Inbox_from_hell/plush_labubu_keychain_character/StaticMeshes/plush_labubu_keychain_character.uasset" 768
"C:/Users/acker/Desktop/Inbox_from_Hell_updated-001/Content/Inbox_from_hell/plush_labubu_keychain_character/StaticMeshes/plush_labubu_keychain_character.uexp" 769
"../../../Engine/Content/EditorResources/DefaultEditorFont.uasset" 770
"../../../Engine/Content/EditorResources/DefaultEditorFont.uexp" 771
"C:/Users/acker/Desktop/Inbox_from_Hell_updated-001/Content/Inbox_from_hell/MenuBack.uasset" 772
"C:/Users/acker/Desktop/Inbox_from_Hell_updated-001/Content/Inbox_from_hell/MenuBack.uexp" 773
"C:/Users/acker/Desktop/Inbox_from_Hell_updated-001/Content/Inbox_from_hell/Title.uasset" 774
"C:/Users/acker/Desktop/Inbox_from_Hell_updated-001/Content/Inbox_from_hell/Title.uexp" 775
"C:/Users/acker/Desktop/Inbox_from_Hell_updated-001/Content/BPs/Gemini_Generated_Image_86paiz86paiz86pa.uasset" 776
"C:/Users/acker/Desktop/Inbox_from_Hell_updated-001/Content/BPs/Gemini_Generated_Image_86paiz86paiz86pa.uexp" 777
"C:/Users/acker/Desktop/Inbox_from_Hell_updated-001/Content/BPs/pi/3.uasset" 778
"C:/Users/acker/Desktop/Inbox_from_Hell_updated-001/Content/BPs/pi/3.uexp" 779
"C:/Users/acker/Desktop/Inbox_from_Hell_updated-001/Content/BPs/WBP_intro.uasset" 780
"C:/Users/acker/Desktop/Inbox_from_Hell_updated-001/Content/BPs/WBP_intro.uexp" 781
"C:/Users/acker/Desktop/Inbox_from_Hell_updated-001/Content/BPs/pi/1.uasset" 782
"C:/Users/acker/Desktop/Inbox_from_Hell_updated-001/Content/BPs/pi/1.uexp" 783
"C:/Users/acker/Desktop/Inbox_from_Hell_updated-001/Content/BPs/pi/2.uasset" 784
"C:/Users/acker/Desktop/Inbox_from_Hell_updated-001/Content/BPs/pi/2.uexp" 785
"C:/Users/acker/Desktop/Inbox_from_Hell_updated-001/Content/BPs/BP_MainMenu.uasset" 786
"C:/Users/acker/Desktop/Inbox_from_Hell_updated-001/Content/BPs/BP_MainMenu.uexp" 787
"../../../Engine/Plugins/FX/Niagara/Content/VectorFields/Assets/TilingCurl32.uasset" 788
"../../../Engine/Plugins/FX/Niagara/Content/VectorFields/Assets/TilingCurl32.uexp" 789
"C:/Users/acker/Desktop/Inbox_from_Hell_updated-001/Content/Fire_EXP_Vol01_Free/Texture/T_DefaultWhite.uasset" 790
"C:/Users/acker/Desktop/Inbox_from_Hell_updated-001/Content/Fire_EXP_Vol01_Free/Texture/T_DefaultWhite.uexp" 791
"C:/Users/acker/Desktop/Inbox_from_Hell_updated-001/Content/Fire_EXP_Vol01_Free/Material/M_Sub_FireMaster.uasset" 792
"C:/Users/acker/Desktop/Inbox_from_Hell_updated-001/Content/Fire_EXP_Vol01_Free/Material/M_Sub_FireMaster.uexp" 793
"C:/Users/acker/Desktop/Inbox_from_Hell_updated-001/Content/Fire_EXP_Vol01_Free/Texture/Fire/T_Sub_Fire_Large_Loop_004.ubulk" 794
"C:/Users/acker/Desktop/Inbox_from_Hell_updated-001/Content/Fire_EXP_Vol01_Free/Texture/Fire/T_Sub_Fire_Large_Loop_004.uasset" 795
"C:/Users/acker/Desktop/Inbox_from_Hell_updated-001/Content/Fire_EXP_Vol01_Free/Texture/Fire/T_Sub_Fire_Large_Loop_004.uexp" 796
"C:/Users/acker/Desktop/Inbox_from_Hell_updated-001/Content/Fire_EXP_Vol01_Free/MI/Fire/MI_FireLarge_Loop_04_Flame.uasset" 797
"C:/Users/acker/Desktop/Inbox_from_Hell_updated-001/Content/Fire_EXP_Vol01_Free/MI/Fire/MI_FireLarge_Loop_04_Flame.uexp" 798
"C:/Users/acker/Desktop/Inbox_from_Hell_updated-001/Content/Fire_EXP_Vol01_Free/MI/Fire/MI_FireLarge_Loop_04_Smoke.uasset" 799
"C:/Users/acker/Desktop/Inbox_from_Hell_updated-001/Content/Fire_EXP_Vol01_Free/MI/Fire/MI_FireLarge_Loop_04_Smoke.uexp" 800
"../../../Engine/Content/Functions/Engine_MaterialFunctions02/Texturing/CustomRotator.uasset" 801
"../../../Engine/Content/Functions/Engine_MaterialFunctions02/Texturing/CustomRotator.uexp" 802
"C:/Users/acker/Desktop/Inbox_from_Hell_updated-001/Content/Fire_EXP_Vol01_Free/Material/MF/MF_UV.uasset" 803
"C:/Users/acker/Desktop/Inbox_from_Hell_updated-001/Content/Fire_EXP_Vol01_Free/Material/MF/MF_UV.uexp" 804
"C:/Users/acker/Desktop/Inbox_from_Hell_updated-001/Content/Fire_EXP_Vol01_Free/Material/M_Additive_Master.uasset" 805
"C:/Users/acker/Desktop/Inbox_from_Hell_updated-001/Content/Fire_EXP_Vol01_Free/Material/M_Additive_Master.uexp" 806
"C:/Users/acker/Desktop/Inbox_from_Hell_updated-001/Content/Fire_EXP_Vol01_Free/Texture/Spark/T_Spark_Round_001.ubulk" 807
"C:/Users/acker/Desktop/Inbox_from_Hell_updated-001/Content/Fire_EXP_Vol01_Free/Texture/Spark/T_Spark_Round_001.uasset" 808
"C:/Users/acker/Desktop/Inbox_from_Hell_updated-001/Content/Fire_EXP_Vol01_Free/Texture/Spark/T_Spark_Round_001.uexp" 809
"C:/Users/acker/Desktop/Inbox_from_Hell_updated-001/Content/Fire_EXP_Vol01_Free/MI/Spark/MI_Spark_Round.uasset" 810
"C:/Users/acker/Desktop/Inbox_from_Hell_updated-001/Content/Fire_EXP_Vol01_Free/MI/Spark/MI_Spark_Round.uexp" 811
"C:/Users/acker/Desktop/Inbox_from_Hell_updated-001/Content/Fire_EXP_Vol01_Free/Niagara/Fire/Loop/NS_Sub_FireLarge_Loop_004.uasset" 812
"C:/Users/acker/Desktop/Inbox_from_Hell_updated-001/Content/Fire_EXP_Vol01_Free/Niagara/Fire/Loop/NS_Sub_FireLarge_Loop_004.uexp" 813
"C:/Users/acker/Desktop/Inbox_from_Hell_updated-001/Content/BPs/BP_Player.uasset" 814
"C:/Users/acker/Desktop/Inbox_from_Hell_updated-001/Content/BPs/BP_Player.uexp" 815
"C:/Users/acker/Desktop/Inbox_from_Hell_updated-001/Content/BPs/notification-process-complete-slava-pogorelsky-1-00-03.ubulk" 816
"C:/Users/acker/Desktop/Inbox_from_Hell_updated-001/Content/BPs/notification-process-complete-slava-pogorelsky-1-00-03.uasset" 817
"C:/Users/acker/Desktop/Inbox_from_Hell_updated-001/Content/BPs/notification-process-complete-slava-pogorelsky-1-00-03.uexp" 818
"C:/Users/acker/Desktop/Inbox_from_Hell_updated-001/Content/Developers/esuch/main/S_email.uasset" 819
"C:/Users/acker/Desktop/Inbox_from_Hell_updated-001/Content/Developers/esuch/main/S_email.uexp" 820
"C:/Users/acker/Desktop/Inbox_from_Hell_updated-001/Content/BPs/S_EmailChoice.uasset" 821
"C:/Users/acker/Desktop/Inbox_from_Hell_updated-001/Content/BPs/S_EmailChoice.uexp" 822
"C:/Users/acker/Desktop/Inbox_from_Hell_updated-001/Content/Inbox_from_hell/image-removebg-preview__1_.uasset" 823
"C:/Users/acker/Desktop/Inbox_from_Hell_updated-001/Content/Inbox_from_hell/image-removebg-preview__1_.uexp" 824
"C:/Users/acker/Desktop/Inbox_from_Hell_updated-001/Content/Inbox_from_hell/image-removebg-preview__2_.uasset" 825
"C:/Users/acker/Desktop/Inbox_from_Hell_updated-001/Content/Inbox_from_hell/image-removebg-preview__2_.uexp" 826
"C:/Users/acker/Desktop/Inbox_from_Hell_updated-001/Content/BPs/WBP_Download.uasset" 827
"C:/Users/acker/Desktop/Inbox_from_Hell_updated-001/Content/BPs/WBP_Download.uexp" 828
"../../../Engine/Content/EngineFonts/Faces/RobotoTiny.uexp" 829
"../../../Engine/Content/EngineFonts/Faces/RobotoTiny.uasset" 830
"../../../Engine/Content/EngineFonts/Faces/RobotoTiny.ufont" 831
"../../../Engine/Content/EngineFonts/RobotoTiny.uasset" 832
"../../../Engine/Content/EngineFonts/RobotoTiny.uexp" 833
"C:/Users/acker/Desktop/Inbox_from_Hell_updated-001/Content/BPs/pi/Adobe_Express_-_file.uasset" 834
"C:/Users/acker/Desktop/Inbox_from_Hell_updated-001/Content/BPs/pi/Adobe_Express_-_file.uexp" 835
"C:/Users/acker/Desktop/Inbox_from_Hell_updated-001/Content/BPs/pi/Gemini_Generated_Image_gw62cdgw62cdgw62__3_.uasset" 836
"C:/Users/acker/Desktop/Inbox_from_Hell_updated-001/Content/BPs/pi/Gemini_Generated_Image_gw62cdgw62cdgw62__3_.uexp" 837
"C:/Users/acker/Desktop/Inbox_from_Hell_updated-001/Content/BPs/pi/Gemini_Generated_Image_xldgzixldgzixldg.uasset" 838
"C:/Users/acker/Desktop/Inbox_from_Hell_updated-001/Content/BPs/pi/Gemini_Generated_Image_xldgzixldgzixldg.uexp" 839
"C:/Users/acker/Desktop/Inbox_from_Hell_updated-001/Content/BPs/WBP_LearnMore.uasset" 840
"C:/Users/acker/Desktop/Inbox_from_Hell_updated-001/Content/BPs/WBP_LearnMore.uexp" 841
"C:/Users/acker/Desktop/Inbox_from_Hell_updated-001/Content/BPs/pi/Gemini_Generated_Image_vlvoaavlvoaavlvo__1_.uasset" 842
"C:/Users/acker/Desktop/Inbox_from_Hell_updated-001/Content/BPs/pi/Gemini_Generated_Image_vlvoaavlvoaavlvo__1_.uexp" 843
"C:/Users/acker/Desktop/Inbox_from_Hell_updated-001/Content/BPs/pi/Gemini_Generated_Image_k44vzgk44vzgk44v__1_.uasset" 844
"C:/Users/acker/Desktop/Inbox_from_Hell_updated-001/Content/BPs/pi/Gemini_Generated_Image_k44vzgk44vzgk44v__1_.uexp" 845
"C:/Users/acker/Desktop/Inbox_from_Hell_updated-001/Content/BPs/pi/Screenshot_2026-04-17_130622.uasset" 846
"C:/Users/acker/Desktop/Inbox_from_Hell_updated-001/Content/BPs/pi/Screenshot_2026-04-17_130622.uexp" 847
"C:/Users/acker/Desktop/Inbox_from_Hell_updated-001/Content/BPs/pi/Screenshot_2026-04-17_130622_.uasset" 848
"C:/Users/acker/Desktop/Inbox_from_Hell_updated-001/Content/BPs/pi/Screenshot_2026-04-17_130622_.uexp" 849
"C:/Users/acker/Desktop/Inbox_from_Hell_updated-001/Content/BPs/WBP_GameOver.uasset" 850
"C:/Users/acker/Desktop/Inbox_from_Hell_updated-001/Content/BPs/WBP_GameOver.uexp" 851
"C:/Users/acker/Desktop/Inbox_from_Hell_updated-001/Content/Movies/ifh2_vdo.uasset" 852
"C:/Users/acker/Desktop/Inbox_from_Hell_updated-001/Content/Movies/ifh2_vdo.uexp" 853
"C:/Users/acker/Desktop/Inbox_from_Hell_updated-001/Content/Movies/ifh2_vdo_Video.uasset" 854
"C:/Users/acker/Desktop/Inbox_from_Hell_updated-001/Content/Movies/ifh2_vdo_Video.uexp" 855
"C:/Users/acker/Desktop/Inbox_from_Hell_updated-001/Content/Movies/ifh2_vdo_Video_Mat.uasset" 856
"C:/Users/acker/Desktop/Inbox_from_Hell_updated-001/Content/Movies/ifh2_vdo_Video_Mat.uexp" 857
"C:/Users/acker/Desktop/Inbox_from_Hell_updated-001/Content/Movies/NewFileMediaSource.uasset" 858
"C:/Users/acker/Desktop/Inbox_from_Hell_updated-001/Content/Movies/NewFileMediaSource.uexp" 859
"C:/Users/acker/Desktop/Inbox_from_Hell_updated-001/Content/BPs/WBP_Malware.uasset" 860
"C:/Users/acker/Desktop/Inbox_from_Hell_updated-001/Content/BPs/WBP_Malware.uexp" 861
"C:/Users/acker/Desktop/Inbox_from_Hell_updated-001/Content/BPs/Inbox_from_hell-06.uasset" 862
"C:/Users/acker/Desktop/Inbox_from_Hell_updated-001/Content/BPs/Inbox_from_hell-06.uexp" 863
"C:/Users/acker/Desktop/Inbox_from_Hell_updated-001/Content/Inbox_from_hell/Noti.uasset" 864
"C:/Users/acker/Desktop/Inbox_from_Hell_updated-001/Content/Inbox_from_hell/Noti.uexp" 865
"C:/Users/acker/Desktop/Inbox_from_Hell_updated-001/Content/SFX/Button.ubulk" 866
"C:/Users/acker/Desktop/Inbox_from_Hell_updated-001/Content/SFX/Button.uasset" 867
"C:/Users/acker/Desktop/Inbox_from_Hell_updated-001/Content/SFX/Button.uexp" 868
"C:/Users/acker/Desktop/Inbox_from_Hell_updated-001/Content/Developers/esuch/main/universfield-wrong-answer-129254.ubulk" 869
"C:/Users/acker/Desktop/Inbox_from_Hell_updated-001/Content/Developers/esuch/main/universfield-wrong-answer-129254.uasset" 870
"C:/Users/acker/Desktop/Inbox_from_Hell_updated-001/Content/Developers/esuch/main/universfield-wrong-answer-129254.uexp" 871
"../../../Engine/Content/VREditor/Sounds/UI/Camera_Shutter.ubulk" 872
"../../../Engine/Content/VREditor/Sounds/UI/Camera_Shutter.uasset" 873
"../../../Engine/Content/VREditor/Sounds/UI/Camera_Shutter.uexp" 874
"C:/Users/acker/Desktop/Inbox_from_Hell_updated-001/Content/dfesf/19.uasset" 875
"C:/Users/acker/Desktop/Inbox_from_Hell_updated-001/Content/dfesf/19.uexp" 876
"../../../Engine/Content/EngineFonts/Faces/DroidSansMono.uexp" 877
"../../../Engine/Content/EngineFonts/Faces/DroidSansMono.uasset" 878
"../../../Engine/Content/EngineFonts/Faces/DroidSansMono.ufont" 879
"../../../Engine/Content/EngineFonts/DroidSansMono.uasset" 880
"../../../Engine/Content/EngineFonts/DroidSansMono.uexp" 881
"C:/Users/acker/Desktop/Inbox_from_Hell_updated-001/Content/Inbox_from_hell/Inbox_from_hell-05.uasset" 882
"C:/Users/acker/Desktop/Inbox_from_Hell_updated-001/Content/Inbox_from_hell/Inbox_from_hell-05.uexp" 883
"C:/Users/acker/Desktop/Inbox_from_Hell_updated-001/Content/SFX/Virus.ubulk" 884
"C:/Users/acker/Desktop/Inbox_from_Hell_updated-001/Content/SFX/Virus.uasset" 885
"C:/Users/acker/Desktop/Inbox_from_Hell_updated-001/Content/SFX/Virus.uexp" 886
"C:/Users/acker/Desktop/Inbox_from_Hell_updated-001/Content/BPs/WBP_reply.uasset" 887
"C:/Users/acker/Desktop/Inbox_from_Hell_updated-001/Content/BPs/WBP_reply.uexp" 888
"C:/Users/acker/Desktop/Inbox_from_Hell_updated-001/Content/dfesf/18.uasset" 889
"C:/Users/acker/Desktop/Inbox_from_Hell_updated-001/Content/dfesf/18.uexp" 890
"C:/Users/acker/Desktop/Inbox_from_Hell_updated-001/Content/Inbox_from_hell/Inbox_from_hell-07.uasset" 891
"C:/Users/acker/Desktop/Inbox_from_Hell_updated-001/Content/Inbox_from_hell/Inbox_from_hell-07.uexp" 892
"C:/Users/acker/Desktop/Inbox_from_Hell_updated-001/Content/Inbox_from_hell/Inbox_from_hell-08.uasset" 893
"C:/Users/acker/Desktop/Inbox_from_Hell_updated-001/Content/Inbox_from_hell/Inbox_from_hell-08.uexp" 894
"C:/Users/acker/Desktop/Inbox_from_Hell_updated-001/Content/BPs/WBP_Updated_Inbox.uasset" 895
"C:/Users/acker/Desktop/Inbox_from_Hell_updated-001/Content/BPs/WBP_Updated_Inbox.uexp" 896
"C:/Users/acker/Desktop/Inbox_from_Hell_updated-001/Content/Inbox_from_hell/DS-DIGI.uexp" 897
"C:/Users/acker/Desktop/Inbox_from_Hell_updated-001/Content/Inbox_from_hell/DS-DIGI.uasset" 898
"C:/Users/acker/Desktop/Inbox_from_Hell_updated-001/Content/Inbox_from_hell/DS-DIGI.ufont" 899
"C:/Users/acker/Desktop/Inbox_from_Hell_updated-001/Content/Inbox_from_hell/DS-DIGI_Font.uasset" 900
"C:/Users/acker/Desktop/Inbox_from_Hell_updated-001/Content/Inbox_from_hell/DS-DIGI_Font.uexp" 901
"C:/Users/acker/Desktop/Inbox_from_Hell_updated-001/Content/Inbox_from_hell/Inbox_from_hell-01.uasset" 902
"C:/Users/acker/Desktop/Inbox_from_Hell_updated-001/Content/Inbox_from_hell/Inbox_from_hell-01.uexp" 903
"C:/Users/acker/Desktop/Inbox_from_Hell_updated-001/Content/Inbox_from_hell/Inbox_from_hell-02.uasset" 904
"C:/Users/acker/Desktop/Inbox_from_Hell_updated-001/Content/Inbox_from_hell/Inbox_from_hell-02.uexp" 905
"C:/Users/acker/Desktop/Inbox_from_Hell_updated-001/Content/Inbox_from_hell/Inbox_from_hell-04.uasset" 906
"C:/Users/acker/Desktop/Inbox_from_Hell_updated-001/Content/Inbox_from_hell/Inbox_from_hell-04.uexp" 907
"C:/Users/acker/Desktop/Inbox_from_Hell_updated-001/Content/Inbox_from_hell/noti2.uasset" 908
"C:/Users/acker/Desktop/Inbox_from_Hell_updated-001/Content/Inbox_from_hell/noti2.uexp" 909
"C:/Users/acker/Desktop/Inbox_from_Hell_updated-001/Content/SFX/Noti.ubulk" 910
"C:/Users/acker/Desktop/Inbox_from_Hell_updated-001/Content/SFX/Noti.uasset" 911
"C:/Users/acker/Desktop/Inbox_from_Hell_updated-001/Content/SFX/Noti.uexp" 912
"C:/Users/acker/Desktop/Inbox_from_Hell_updated-001/Content/dfesf/13.uasset" 913
"C:/Users/acker/Desktop/Inbox_from_Hell_updated-001/Content/dfesf/13.uexp" 914
"C:/Users/acker/Desktop/Inbox_from_Hell_updated-001/Content/dfesf/14.uasset" 915
"C:/Users/acker/Desktop/Inbox_from_Hell_updated-001/Content/dfesf/14.uexp" 916
"C:/Users/acker/Desktop/Inbox_from_Hell_updated-001/Content/BPs/WBP_Email_Inbox.uasset" 917
"C:/Users/acker/Desktop/Inbox_from_Hell_updated-001/Content/BPs/WBP_Email_Inbox.uexp" 918
"C:/Users/acker/Desktop/Inbox_from_Hell_updated-001/Content/Fab/Laptop_Model__Black_/Laptop/Materials/Material_007.uasset" 919
"C:/Users/acker/Desktop/Inbox_from_Hell_updated-001/Content/Fab/Laptop_Model__Black_/Laptop/Materials/Material_007.uexp" 920
"C:/Users/acker/Desktop/Inbox_from_Hell_updated-001/Content/Fab/Laptop_Model__Black_/Laptop/Materials/Material_012.uasset" 921
"C:/Users/acker/Desktop/Inbox_from_Hell_updated-001/Content/Fab/Laptop_Model__Black_/Laptop/Materials/Material_012.uexp" 922
"C:/Users/acker/Desktop/Inbox_from_Hell_updated-001/Content/Fab/Laptop_Model__Black_/Laptop/Materials/Material_044.uasset" 923
"C:/Users/acker/Desktop/Inbox_from_Hell_updated-001/Content/Fab/Laptop_Model__Black_/Laptop/Materials/Material_044.uexp" 924
"C:/Users/acker/Desktop/Inbox_from_Hell_updated-001/Content/Fab/Laptop_Model__Black_/Laptop/Materials/Material_099.uasset" 925
"C:/Users/acker/Desktop/Inbox_from_Hell_updated-001/Content/Fab/Laptop_Model__Black_/Laptop/Materials/Material_099.uexp" 926
"C:/Users/acker/Desktop/Inbox_from_Hell_updated-001/Content/Fab/Laptop_Model__Black_/Laptop/Materials/Material_100.uasset" 927
"C:/Users/acker/Desktop/Inbox_from_Hell_updated-001/Content/Fab/Laptop_Model__Black_/Laptop/Materials/Material_100.uexp" 928
"../../../Engine/Plugins/Interchange/Assets/Content/gltf/MaterialInstances/MI_Transmission_DS.uasset" 929
"../../../Engine/Plugins/Interchange/Assets/Content/gltf/MaterialInstances/MI_Transmission_DS.uexp" 930
"C:/Users/acker/Desktop/Inbox_from_Hell_updated-001/Content/Fab/Laptop_Model__Black_/Laptop/Materials/Material_101.uasset" 931
"C:/Users/acker/Desktop/Inbox_from_Hell_updated-001/Content/Fab/Laptop_Model__Black_/Laptop/Materials/Material_101.uexp" 932
"C:/Users/acker/Desktop/Inbox_from_Hell_updated-001/Content/Fab/Laptop_Model__Black_/Laptop/Materials/Material_105.uasset" 933
"C:/Users/acker/Desktop/Inbox_from_Hell_updated-001/Content/Fab/Laptop_Model__Black_/Laptop/Materials/Material_105.uexp" 934
"C:/Users/acker/Desktop/Inbox_from_Hell_updated-001/Content/Fab/Laptop_Model__Black_/Laptop/Materials/Material_106.uasset" 935
"C:/Users/acker/Desktop/Inbox_from_Hell_updated-001/Content/Fab/Laptop_Model__Black_/Laptop/Materials/Material_106.uexp" 936
"C:/Users/acker/Desktop/Inbox_from_Hell_updated-001/Content/Fab/Laptop_Model__Black_/Laptop/Materials/Material_111.uasset" 937
"C:/Users/acker/Desktop/Inbox_from_Hell_updated-001/Content/Fab/Laptop_Model__Black_/Laptop/Materials/Material_111.uexp" 938
"C:/Users/acker/Desktop/Inbox_from_Hell_updated-001/Content/Fab/Laptop_Model__Black_/Laptop/Materials/Material_112.uasset" 939
"C:/Users/acker/Desktop/Inbox_from_Hell_updated-001/Content/Fab/Laptop_Model__Black_/Laptop/Materials/Material_112.uexp" 940
"C:/Users/acker/Desktop/Inbox_from_Hell_updated-001/Content/Fab/Laptop_Model__Black_/Laptop/Materials/Material_113.uasset" 941
"C:/Users/acker/Desktop/Inbox_from_Hell_updated-001/Content/Fab/Laptop_Model__Black_/Laptop/Materials/Material_113.uexp" 942
"C:/Users/acker/Desktop/Inbox_from_Hell_updated-001/Content/Fab/Laptop_Model__Black_/Laptop/StaticMeshes/Laptop.ubulk" 943
"C:/Users/acker/Desktop/Inbox_from_Hell_updated-001/Content/Fab/Laptop_Model__Black_/Laptop/StaticMeshes/Laptop.uasset" 944
"C:/Users/acker/Desktop/Inbox_from_Hell_updated-001/Content/Fab/Laptop_Model__Black_/Laptop/StaticMeshes/Laptop.uexp" 945
"C:/Users/acker/Desktop/Inbox_from_Hell_updated-001/Content/Fab/Laptop_Model__Black_/Laptop/StaticMeshes/BP_Laptop.uasset" 946
"C:/Users/acker/Desktop/Inbox_from_Hell_updated-001/Content/Fab/Laptop_Model__Black_/Laptop/StaticMeshes/BP_Laptop.uexp" 947
"C:/Users/acker/Desktop/Inbox_from_Hell_updated-001/Content/Fab/LIVISTONA_PALM_LOW_POLY/theappxr_Pianta_3_NODRACO_standard/Textures/LIVISTONA_CHINENSIS_DIFFUSE_.ubulk" 948
"C:/Users/acker/Desktop/Inbox_from_Hell_updated-001/Content/Fab/LIVISTONA_PALM_LOW_POLY/theappxr_Pianta_3_NODRACO_standard/Textures/LIVISTONA_CHINENSIS_DIFFUSE_.uasset" 949
"C:/Users/acker/Desktop/Inbox_from_Hell_updated-001/Content/Fab/LIVISTONA_PALM_LOW_POLY/theappxr_Pianta_3_NODRACO_standard/Textures/LIVISTONA_CHINENSIS_DIFFUSE_.uexp" 950
"C:/Users/acker/Desktop/Inbox_from_Hell_updated-001/Content/Fab/LIVISTONA_PALM_LOW_POLY/theappxr_Pianta_3_NODRACO_standard/Materials/M_FoglieLivistona.uasset" 951
"C:/Users/acker/Desktop/Inbox_from_Hell_updated-001/Content/Fab/LIVISTONA_PALM_LOW_POLY/theappxr_Pianta_3_NODRACO_standard/Materials/M_FoglieLivistona.uexp" 952
"C:/Users/acker/Desktop/Inbox_from_Hell_updated-001/Content/Fab/LIVISTONA_PALM_LOW_POLY/theappxr_Pianta_3_NODRACO_standard/Textures/Vaso_3_DIFFUSE.ubulk" 953
"C:/Users/acker/Desktop/Inbox_from_Hell_updated-001/Content/Fab/LIVISTONA_PALM_LOW_POLY/theappxr_Pianta_3_NODRACO_standard/Textures/Vaso_3_DIFFUSE.uasset" 954
"C:/Users/acker/Desktop/Inbox_from_Hell_updated-001/Content/Fab/LIVISTONA_PALM_LOW_POLY/theappxr_Pianta_3_NODRACO_standard/Textures/Vaso_3_DIFFUSE.uexp" 955
"C:/Users/acker/Desktop/Inbox_from_Hell_updated-001/Content/Fab/LIVISTONA_PALM_LOW_POLY/theappxr_Pianta_3_NODRACO_standard/Textures/Vaso_3_NORMAL_GL.ubulk" 956
"C:/Users/acker/Desktop/Inbox_from_Hell_updated-001/Content/Fab/LIVISTONA_PALM_LOW_POLY/theappxr_Pianta_3_NODRACO_standard/Textures/Vaso_3_NORMAL_GL.uasset" 957
"C:/Users/acker/Desktop/Inbox_from_Hell_updated-001/Content/Fab/LIVISTONA_PALM_LOW_POLY/theappxr_Pianta_3_NODRACO_standard/Textures/Vaso_3_NORMAL_GL.uexp" 958
"C:/Users/acker/Desktop/Inbox_from_Hell_updated-001/Content/Fab/LIVISTONA_PALM_LOW_POLY/theappxr_Pianta_3_NODRACO_standard/Textures/Vaso_3_ROUGHNESS.ubulk" 959
"C:/Users/acker/Desktop/Inbox_from_Hell_updated-001/Content/Fab/LIVISTONA_PALM_LOW_POLY/theappxr_Pianta_3_NODRACO_standard/Textures/Vaso_3_ROUGHNESS.uasset" 960
"C:/Users/acker/Desktop/Inbox_from_Hell_updated-001/Content/Fab/LIVISTONA_PALM_LOW_POLY/theappxr_Pianta_3_NODRACO_standard/Textures/Vaso_3_ROUGHNESS.uexp" 961
"C:/Users/acker/Desktop/Inbox_from_Hell_updated-001/Content/Fab/LIVISTONA_PALM_LOW_POLY/theappxr_Pianta_3_NODRACO_standard/Materials/M_VasoLivistona.uasset" 962
"C:/Users/acker/Desktop/Inbox_from_Hell_updated-001/Content/Fab/LIVISTONA_PALM_LOW_POLY/theappxr_Pianta_3_NODRACO_standard/Materials/M_VasoLivistona.uexp" 963
"C:/Users/acker/Desktop/Inbox_from_Hell_updated-001/Content/Fab/LIVISTONA_PALM_LOW_POLY/theappxr_Pianta_3_NODRACO_standard/StaticMeshes/theappxr_Pianta_3_NODRACO_standard.ubulk" 964
"C:/Users/acker/Desktop/Inbox_from_Hell_updated-001/Content/Fab/LIVISTONA_PALM_LOW_POLY/theappxr_Pianta_3_NODRACO_standard/StaticMeshes/theappxr_Pianta_3_NODRACO_standard.uasset" 965
"C:/Users/acker/Desktop/Inbox_from_Hell_updated-001/Content/Fab/LIVISTONA_PALM_LOW_POLY/theappxr_Pianta_3_NODRACO_standard/StaticMeshes/theappxr_Pianta_3_NODRACO_standard.uexp" 966
"C:/Users/acker/Desktop/Inbox_from_Hell_updated-001/Content/Fab/Office_Lamp/officelamp/Textures/officelamp_texture_9.ubulk" 967
"C:/Users/acker/Desktop/Inbox_from_Hell_updated-001/Content/Fab/Office_Lamp/officelamp/Textures/officelamp_texture_9.uasset" 968
"C:/Users/acker/Desktop/Inbox_from_Hell_updated-001/Content/Fab/Office_Lamp/officelamp/Textures/officelamp_texture_9.uexp" 969
"C:/Users/acker/Desktop/Inbox_from_Hell_updated-001/Content/Fab/Office_Lamp/officelamp/Textures/officelamp_texture_10.ubulk" 970
"C:/Users/acker/Desktop/Inbox_from_Hell_updated-001/Content/Fab/Office_Lamp/officelamp/Textures/officelamp_texture_10.uasset" 971
"C:/Users/acker/Desktop/Inbox_from_Hell_updated-001/Content/Fab/Office_Lamp/officelamp/Textures/officelamp_texture_10.uexp" 972
"C:/Users/acker/Desktop/Inbox_from_Hell_updated-001/Content/Fab/Office_Lamp/officelamp/Textures/officelamp_texture_11.ubulk" 973
"C:/Users/acker/Desktop/Inbox_from_Hell_updated-001/Content/Fab/Office_Lamp/officelamp/Textures/officelamp_texture_11.uasset" 974
"C:/Users/acker/Desktop/Inbox_from_Hell_updated-001/Content/Fab/Office_Lamp/officelamp/Textures/officelamp_texture_11.uexp" 975
"C:/Users/acker/Desktop/Inbox_from_Hell_updated-001/Content/Fab/Office_Lamp/officelamp/Materials/Light.uasset" 976
"C:/Users/acker/Desktop/Inbox_from_Hell_updated-001/Content/Fab/Office_Lamp/officelamp/Materials/Light.uexp" 977
"C:/Users/acker/Desktop/Inbox_from_Hell_updated-001/Content/Fab/Office_Lamp/officelamp/Textures/officelamp_texture_0.ubulk" 978
"C:/Users/acker/Desktop/Inbox_from_Hell_updated-001/Content/Fab/Office_Lamp/officelamp/Textures/officelamp_texture_0.uasset" 979
"C:/Users/acker/Desktop/Inbox_from_Hell_updated-001/Content/Fab/Office_Lamp/officelamp/Textures/officelamp_texture_0.uexp" 980
"C:/Users/acker/Desktop/Inbox_from_Hell_updated-001/Content/Fab/Office_Lamp/officelamp/Textures/officelamp_texture_1.ubulk" 981
"C:/Users/acker/Desktop/Inbox_from_Hell_updated-001/Content/Fab/Office_Lamp/officelamp/Textures/officelamp_texture_1.uasset" 982
"C:/Users/acker/Desktop/Inbox_from_Hell_updated-001/Content/Fab/Office_Lamp/officelamp/Textures/officelamp_texture_1.uexp" 983
"C:/Users/acker/Desktop/Inbox_from_Hell_updated-001/Content/Fab/Office_Lamp/officelamp/Textures/officelamp_texture_2.ubulk" 984
"C:/Users/acker/Desktop/Inbox_from_Hell_updated-001/Content/Fab/Office_Lamp/officelamp/Textures/officelamp_texture_2.uasset" 985
"C:/Users/acker/Desktop/Inbox_from_Hell_updated-001/Content/Fab/Office_Lamp/officelamp/Textures/officelamp_texture_2.uexp" 986
"C:/Users/acker/Desktop/Inbox_from_Hell_updated-001/Content/Fab/Office_Lamp/officelamp/Materials/MainCore.uasset" 987
"C:/Users/acker/Desktop/Inbox_from_Hell_updated-001/Content/Fab/Office_Lamp/officelamp/Materials/MainCore.uexp" 988
"C:/Users/acker/Desktop/Inbox_from_Hell_updated-001/Content/Fab/Office_Lamp/officelamp/Textures/officelamp_texture_3.ubulk" 989
"C:/Users/acker/Desktop/Inbox_from_Hell_updated-001/Content/Fab/Office_Lamp/officelamp/Textures/officelamp_texture_3.uasset" 990
"C:/Users/acker/Desktop/Inbox_from_Hell_updated-001/Content/Fab/Office_Lamp/officelamp/Textures/officelamp_texture_3.uexp" 991
"C:/Users/acker/Desktop/Inbox_from_Hell_updated-001/Content/Fab/Office_Lamp/officelamp/Textures/officelamp_texture_4.ubulk" 992
"C:/Users/acker/Desktop/Inbox_from_Hell_updated-001/Content/Fab/Office_Lamp/officelamp/Textures/officelamp_texture_4.uasset" 993
"C:/Users/acker/Desktop/Inbox_from_Hell_updated-001/Content/Fab/Office_Lamp/officelamp/Textures/officelamp_texture_4.uexp" 994
"C:/Users/acker/Desktop/Inbox_from_Hell_updated-001/Content/Fab/Office_Lamp/officelamp/Textures/officelamp_texture_5.ubulk" 995
"C:/Users/acker/Desktop/Inbox_from_Hell_updated-001/Content/Fab/Office_Lamp/officelamp/Textures/officelamp_texture_5.uasset" 996
"C:/Users/acker/Desktop/Inbox_from_Hell_updated-001/Content/Fab/Office_Lamp/officelamp/Textures/officelamp_texture_5.uexp" 997
"C:/Users/acker/Desktop/Inbox_from_Hell_updated-001/Content/Fab/Office_Lamp/officelamp/Materials/Stand.uasset" 998
"C:/Users/acker/Desktop/Inbox_from_Hell_updated-001/Content/Fab/Office_Lamp/officelamp/Materials/Stand.uexp" 999
"C:/Users/acker/Desktop/Inbox_from_Hell_updated-001/Content/Fab/Office_Lamp/officelamp/Textures/officelamp_texture_6.ubulk" 1000
"C:/Users/acker/Desktop/Inbox_from_Hell_updated-001/Content/Fab/Office_Lamp/officelamp/Textures/officelamp_texture_6.uasset" 1001
"C:/Users/acker/Desktop/Inbox_from_Hell_updated-001/Content/Fab/Office_Lamp/officelamp/Textures/officelamp_texture_6.uexp" 1002
"C:/Users/acker/Desktop/Inbox_from_Hell_updated-001/Content/Fab/Office_Lamp/officelamp/Textures/officelamp_texture_7.ubulk" 1003
"C:/Users/acker/Desktop/Inbox_from_Hell_updated-001/Content/Fab/Office_Lamp/officelamp/Textures/officelamp_texture_7.uasset" 1004
"C:/Users/acker/Desktop/Inbox_from_Hell_updated-001/Content/Fab/Office_Lamp/officelamp/Textures/officelamp_texture_7.uexp" 1005
"C:/Users/acker/Desktop/Inbox_from_Hell_updated-001/Content/Fab/Office_Lamp/officelamp/Textures/officelamp_texture_8.ubulk" 1006
"C:/Users/acker/Desktop/Inbox_from_Hell_updated-001/Content/Fab/Office_Lamp/officelamp/Textures/officelamp_texture_8.uasset" 1007
"C:/Users/acker/Desktop/Inbox_from_Hell_updated-001/Content/Fab/Office_Lamp/officelamp/Textures/officelamp_texture_8.uexp" 1008
"C:/Users/acker/Desktop/Inbox_from_Hell_updated-001/Content/Fab/Office_Lamp/officelamp/Materials/StandDown.uasset" 1009
"C:/Users/acker/Desktop/Inbox_from_Hell_updated-001/Content/Fab/Office_Lamp/officelamp/Materials/StandDown.uexp" 1010
"C:/Users/acker/Desktop/Inbox_from_Hell_updated-001/Content/Fab/Office_Lamp/officelamp/StaticMeshes/officelamp.ubulk" 1011
"C:/Users/acker/Desktop/Inbox_from_Hell_updated-001/Content/Fab/Office_Lamp/officelamp/StaticMeshes/officelamp.uasset" 1012
"C:/Users/acker/Desktop/Inbox_from_Hell_updated-001/Content/Fab/Office_Lamp/officelamp/StaticMeshes/officelamp.uexp" 1013
"C:/Users/acker/Desktop/Inbox_from_Hell_updated-001/Content/Fab/OFFICE_TBLE_LOW_POLY/theappxr_TavolinoUfficio_NODRACO_standard/Materials/Alluminio.uasset" 1014
"C:/Users/acker/Desktop/Inbox_from_Hell_updated-001/Content/Fab/OFFICE_TBLE_LOW_POLY/theappxr_TavolinoUfficio_NODRACO_standard/Materials/Alluminio.uexp" 1015
"C:/Users/acker/Desktop/Inbox_from_Hell_updated-001/Content/Fab/OFFICE_TBLE_LOW_POLY/theappxr_TavolinoUfficio_NODRACO_standard/Materials/TopTavoli.uasset" 1016
"C:/Users/acker/Desktop/Inbox_from_Hell_updated-001/Content/Fab/OFFICE_TBLE_LOW_POLY/theappxr_TavolinoUfficio_NODRACO_standard/Materials/TopTavoli.uexp" 1017
"C:/Users/acker/Desktop/Inbox_from_Hell_updated-001/Content/Fab/OFFICE_TBLE_LOW_POLY/theappxr_TavolinoUfficio_NODRACO_standard/StaticMeshes/theappxr_TavolinoUfficio_NODRACO_standard.ubulk" 1018
"C:/Users/acker/Desktop/Inbox_from_Hell_updated-001/Content/Fab/OFFICE_TBLE_LOW_POLY/theappxr_TavolinoUfficio_NODRACO_standard/StaticMeshes/theappxr_TavolinoUfficio_NODRACO_standard.uasset" 1019
"C:/Users/acker/Desktop/Inbox_from_Hell_updated-001/Content/Fab/OFFICE_TBLE_LOW_POLY/theappxr_TavolinoUfficio_NODRACO_standard/StaticMeshes/theappxr_TavolinoUfficio_NODRACO_standard.uexp" 1020
"C:/Users/acker/Desktop/Inbox_from_Hell_updated-001/Content/Fab/Pen_-_Free_Download/pen_free_download/Textures/pen_free_download_texture_0.ubulk" 1021
"C:/Users/acker/Desktop/Inbox_from_Hell_updated-001/Content/Fab/Pen_-_Free_Download/pen_free_download/Textures/pen_free_download_texture_0.uasset" 1022
"C:/Users/acker/Desktop/Inbox_from_Hell_updated-001/Content/Fab/Pen_-_Free_Download/pen_free_download/Textures/pen_free_download_texture_0.uexp" 1023
"C:/Users/acker/Desktop/Inbox_from_Hell_updated-001/Content/Fab/Pen_-_Free_Download/pen_free_download/Textures/pen_free_download_texture_1.ubulk" 1024
"C:/Users/acker/Desktop/Inbox_from_Hell_updated-001/Content/Fab/Pen_-_Free_Download/pen_free_download/Textures/pen_free_download_texture_1.uasset" 1025
"C:/Users/acker/Desktop/Inbox_from_Hell_updated-001/Content/Fab/Pen_-_Free_Download/pen_free_download/Textures/pen_free_download_texture_1.uexp" 1026
"C:/Users/acker/Desktop/Inbox_from_Hell_updated-001/Content/Fab/Pen_-_Free_Download/pen_free_download/Textures/pen_free_download_texture_2.ubulk" 1027
"C:/Users/acker/Desktop/Inbox_from_Hell_updated-001/Content/Fab/Pen_-_Free_Download/pen_free_download/Textures/pen_free_download_texture_2.uasset" 1028
"C:/Users/acker/Desktop/Inbox_from_Hell_updated-001/Content/Fab/Pen_-_Free_Download/pen_free_download/Textures/pen_free_download_texture_2.uexp" 1029
"C:/Users/acker/Desktop/Inbox_from_Hell_updated-001/Content/Fab/Pen_-_Free_Download/pen_free_download/Materials/Scene_-_Root.uasset" 1030
"C:/Users/acker/Desktop/Inbox_from_Hell_updated-001/Content/Fab/Pen_-_Free_Download/pen_free_download/Materials/Scene_-_Root.uexp" 1031
"C:/Users/acker/Desktop/Inbox_from_Hell_updated-001/Content/Fab/Pen_-_Free_Download/pen_free_download/StaticMeshes/pen_free_download.ubulk" 1032
"C:/Users/acker/Desktop/Inbox_from_Hell_updated-001/Content/Fab/Pen_-_Free_Download/pen_free_download/StaticMeshes/pen_free_download.uasset" 1033
"C:/Users/acker/Desktop/Inbox_from_Hell_updated-001/Content/Fab/Pen_-_Free_Download/pen_free_download/StaticMeshes/pen_free_download.uexp" 1034
"C:/Users/acker/Desktop/Inbox_from_Hell_updated-001/Content/Fab/SNAKE_PLANT_1_LOW_POLY/theappxr_Pianta_1_NODRACO_standard/Textures/Vaso_DIFFUSE.ubulk" 1035
"C:/Users/acker/Desktop/Inbox_from_Hell_updated-001/Content/Fab/SNAKE_PLANT_1_LOW_POLY/theappxr_Pianta_1_NODRACO_standard/Textures/Vaso_DIFFUSE.uasset" 1036
"C:/Users/acker/Desktop/Inbox_from_Hell_updated-001/Content/Fab/SNAKE_PLANT_1_LOW_POLY/theappxr_Pianta_1_NODRACO_standard/Textures/Vaso_DIFFUSE.uexp" 1037
"C:/Users/acker/Desktop/Inbox_from_Hell_updated-001/Content/Fab/SNAKE_PLANT_1_LOW_POLY/theappxr_Pianta_1_NODRACO_standard/Materials/Material_001.uasset" 1038
"C:/Users/acker/Desktop/Inbox_from_Hell_updated-001/Content/Fab/SNAKE_PLANT_1_LOW_POLY/theappxr_Pianta_1_NODRACO_standard/Materials/Material_001.uexp" 1039
"C:/Users/acker/Desktop/Inbox_from_Hell_updated-001/Content/Fab/SNAKE_PLANT_1_LOW_POLY/theappxr_Pianta_1_NODRACO_standard/Textures/Ground048_1K-JPG_NormalGL.ubulk" 1040
"C:/Users/acker/Desktop/Inbox_from_Hell_updated-001/Content/Fab/SNAKE_PLANT_1_LOW_POLY/theappxr_Pianta_1_NODRACO_standard/Textures/Ground048_1K-JPG_NormalGL.uasset" 1041
"C:/Users/acker/Desktop/Inbox_from_Hell_updated-001/Content/Fab/SNAKE_PLANT_1_LOW_POLY/theappxr_Pianta_1_NODRACO_standard/Textures/Ground048_1K-JPG_NormalGL.uexp" 1042
"C:/Users/acker/Desktop/Inbox_from_Hell_updated-001/Content/Fab/SNAKE_PLANT_1_LOW_POLY/theappxr_Pianta_1_NODRACO_standard/Materials/Material_002.uasset" 1043
"C:/Users/acker/Desktop/Inbox_from_Hell_updated-001/Content/Fab/SNAKE_PLANT_1_LOW_POLY/theappxr_Pianta_1_NODRACO_standard/Materials/Material_002.uexp" 1044
"C:/Users/acker/Desktop/Inbox_from_Hell_updated-001/Content/Fab/SNAKE_PLANT_1_LOW_POLY/theappxr_Pianta_1_NODRACO_standard/Textures/Piante_M_Foglie_BaseColor.ubulk" 1045
"C:/Users/acker/Desktop/Inbox_from_Hell_updated-001/Content/Fab/SNAKE_PLANT_1_LOW_POLY/theappxr_Pianta_1_NODRACO_standard/Textures/Piante_M_Foglie_BaseColor.uasset" 1046
"C:/Users/acker/Desktop/Inbox_from_Hell_updated-001/Content/Fab/SNAKE_PLANT_1_LOW_POLY/theappxr_Pianta_1_NODRACO_standard/Textures/Piante_M_Foglie_BaseColor.uexp" 1047
"C:/Users/acker/Desktop/Inbox_from_Hell_updated-001/Content/Fab/SNAKE_PLANT_1_LOW_POLY/theappxr_Pianta_1_NODRACO_standard/Materials/M_Foglie.uasset" 1048
"C:/Users/acker/Desktop/Inbox_from_Hell_updated-001/Content/Fab/SNAKE_PLANT_1_LOW_POLY/theappxr_Pianta_1_NODRACO_standard/Materials/M_Foglie.uexp" 1049
"C:/Users/acker/Desktop/Inbox_from_Hell_updated-001/Content/Fab/SNAKE_PLANT_1_LOW_POLY/theappxr_Pianta_1_NODRACO_standard/StaticMeshes/theappxr_Pianta_1_NODRACO_standard.ubulk" 1050
"C:/Users/acker/Desktop/Inbox_from_Hell_updated-001/Content/Fab/SNAKE_PLANT_1_LOW_POLY/theappxr_Pianta_1_NODRACO_standard/StaticMeshes/theappxr_Pianta_1_NODRACO_standard.uasset" 1051
"C:/Users/acker/Desktop/Inbox_from_Hell_updated-001/Content/Fab/SNAKE_PLANT_1_LOW_POLY/theappxr_Pianta_1_NODRACO_standard/StaticMeshes/theappxr_Pianta_1_NODRACO_standard.uexp" 1052
"C:/Users/acker/Desktop/Inbox_from_Hell_updated-001/Content/Fab/USB_Flash_Drive/usb_flash_drive/Textures/usb_flash_drive_texture_0.ubulk" 1053
"C:/Users/acker/Desktop/Inbox_from_Hell_updated-001/Content/Fab/USB_Flash_Drive/usb_flash_drive/Textures/usb_flash_drive_texture_0.uasset" 1054
"C:/Users/acker/Desktop/Inbox_from_Hell_updated-001/Content/Fab/USB_Flash_Drive/usb_flash_drive/Textures/usb_flash_drive_texture_0.uexp" 1055
"C:/Users/acker/Desktop/Inbox_from_Hell_updated-001/Content/Fab/USB_Flash_Drive/usb_flash_drive/Materials/Base_Model.uasset" 1056
"C:/Users/acker/Desktop/Inbox_from_Hell_updated-001/Content/Fab/USB_Flash_Drive/usb_flash_drive/Materials/Base_Model.uexp" 1057
"C:/Users/acker/Desktop/Inbox_from_Hell_updated-001/Content/Fab/USB_Flash_Drive/usb_flash_drive/Materials/Brushed_Copper_001.uasset" 1058
"C:/Users/acker/Desktop/Inbox_from_Hell_updated-001/Content/Fab/USB_Flash_Drive/usb_flash_drive/Materials/Brushed_Copper_001.uexp" 1059
"C:/Users/acker/Desktop/Inbox_from_Hell_updated-001/Content/Fab/USB_Flash_Drive/usb_flash_drive/Materials/Metallic.uasset" 1060
"C:/Users/acker/Desktop/Inbox_from_Hell_updated-001/Content/Fab/USB_Flash_Drive/usb_flash_drive/Materials/Metallic.uexp" 1061
"C:/Users/acker/Desktop/Inbox_from_Hell_updated-001/Content/Fab/USB_Flash_Drive/usb_flash_drive/Materials/Plastic.uasset" 1062
"C:/Users/acker/Desktop/Inbox_from_Hell_updated-001/Content/Fab/USB_Flash_Drive/usb_flash_drive/Materials/Plastic.uexp" 1063
"C:/Users/acker/Desktop/Inbox_from_Hell_updated-001/Content/Fab/USB_Flash_Drive/usb_flash_drive/StaticMeshes/usb_flash_drive.ubulk" 1064
"C:/Users/acker/Desktop/Inbox_from_Hell_updated-001/Content/Fab/USB_Flash_Drive/usb_flash_drive/StaticMeshes/usb_flash_drive.uasset" 1065
"C:/Users/acker/Desktop/Inbox_from_Hell_updated-001/Content/Fab/USB_Flash_Drive/usb_flash_drive/StaticMeshes/usb_flash_drive.uexp" 1066
"../../../Engine/Plugins/Animation/ControlRig/Content/Controls/ControlRig_Wedge_3mm.ubulk" 1067
"../../../Engine/Plugins/Animation/ControlRig/Content/Controls/ControlRig_Wedge_3mm.uasset" 1068
"../../../Engine/Plugins/Animation/ControlRig/Content/Controls/ControlRig_Wedge_3mm.uexp" 1069
"../../../Engine/Plugins/Animation/ControlRig/Content/Controls/ControlRig_Wedge_solid.ubulk" 1070
"../../../Engine/Plugins/Animation/ControlRig/Content/Controls/ControlRig_Wedge_solid.uasset" 1071
"../../../Engine/Plugins/Animation/ControlRig/Content/Controls/ControlRig_Wedge_solid.uexp" 1072
"../../../Engine/Content/EngineMaterials/Substrate/Glints2/AGlintTex2dArray2.uasset" 1073
"../../../Engine/Content/EngineMaterials/Substrate/Glints2/AGlintTex2dArray2.uexp" 1074
"../../../Engine/Content/EngineSky/M_SimpleSkyDome.uasset" 1075
"../../../Engine/Content/EngineSky/M_SimpleSkyDome.uexp" 1076
"../../../Engine/Content/EngineSky/T_Sky_Blue.ubulk" 1077
"../../../Engine/Content/EngineSky/T_Sky_Blue.uasset" 1078
"../../../Engine/Content/EngineSky/T_Sky_Blue.uexp" 1079
"../../../Engine/Content/EngineSky/T_Sky_Clouds_M.ubulk" 1080
"../../../Engine/Content/EngineSky/T_Sky_Clouds_M.uasset" 1081
"../../../Engine/Content/EngineSky/T_Sky_Clouds_M.uexp" 1082
"../../../Engine/Content/EngineSky/T_Sky_Stars.ubulk" 1083
"../../../Engine/Content/EngineSky/T_Sky_Stars.uasset" 1084
"../../../Engine/Content/EngineSky/T_Sky_Stars.uexp" 1085
"../../../Engine/Content/EngineSky/M_Sky_Panning_Clouds2.uasset" 1086
"../../../Engine/Content/EngineSky/M_Sky_Panning_Clouds2.uexp" 1087
"../../../Engine/Content/EngineSky/SM_SkySphere.ubulk" 1088
"../../../Engine/Content/EngineSky/SM_SkySphere.uasset" 1089
"../../../Engine/Content/EngineSky/SM_SkySphere.uexp" 1090
"../../../Engine/Content/Functions/Engine_MaterialFunctions02/SplitComponents.uasset" 1091
"../../../Engine/Content/Functions/Engine_MaterialFunctions02/SplitComponents.uexp" 1092
"../../../Engine/Content/VREditor/SnapGrid/SnapGridMaterial.uasset" 1093
"../../../Engine/Content/VREditor/SnapGrid/SnapGridMaterial.uexp" 1094
"../../../Engine/Content/VREditor/SnapGrid/SnapGridPlaneMesh.ubulk" 1095
"../../../Engine/Content/VREditor/SnapGrid/SnapGridPlaneMesh.uasset" 1096
"../../../Engine/Content/VREditor/SnapGrid/SnapGridPlaneMesh.uexp" 1097
"../../../Engine/Content/VREditor/TransformGizmo/PlaneTranslationHandle.ubulk" 1098
"../../../Engine/Content/VREditor/TransformGizmo/PlaneTranslationHandle.uasset" 1099
"../../../Engine/Content/VREditor/TransformGizmo/PlaneTranslationHandle.uexp" 1100
"../../../Engine/Content/VREditor/TransformGizmo/RotationHandleFull.ubulk" 1101
"../../../Engine/Content/VREditor/TransformGizmo/RotationHandleFull.uasset" 1102
"../../../Engine/Content/VREditor/TransformGizmo/RotationHandleFull.uexp" 1103
"../../../Engine/Content/VREditor/TransformGizmo/RotationHandleIndicator.ubulk" 1104
"../../../Engine/Content/VREditor/TransformGizmo/RotationHandleIndicator.uasset" 1105
"../../../Engine/Content/VREditor/TransformGizmo/RotationHandleIndicator.uexp" 1106
"../../../Engine/Content/VREditor/TransformGizmo/RotationHandleQuarter.ubulk" 1107
"../../../Engine/Content/VREditor/TransformGizmo/RotationHandleQuarter.uasset" 1108
"../../../Engine/Content/VREditor/TransformGizmo/RotationHandleQuarter.uexp" 1109
"../../../Engine/Content/VREditor/TransformGizmo/StartRotationHandleIndicator.ubulk" 1110
"../../../Engine/Content/VREditor/TransformGizmo/StartRotationHandleIndicator.uasset" 1111
"../../../Engine/Content/VREditor/TransformGizmo/StartRotationHandleIndicator.uexp" 1112
"../../../Engine/Content/VREditor/TransformGizmo/TranslucentTransformGizmoMaterial_Inst.uasset" 1113
"../../../Engine/Content/VREditor/TransformGizmo/TranslucentTransformGizmoMaterial_Inst.uexp" 1114
"../../../Engine/Content/VREditor/TransformGizmo/TransformGizmoFreeRotation.ubulk" 1115
"../../../Engine/Content/VREditor/TransformGizmo/TransformGizmoFreeRotation.uasset" 1116
"../../../Engine/Content/VREditor/TransformGizmo/TransformGizmoFreeRotation.uexp" 1117
"../../../Engine/Content/VREditor/TransformGizmo/TransformGizmoMaterial_Inst.uasset" 1118
"../../../Engine/Content/VREditor/TransformGizmo/TransformGizmoMaterial_Inst.uexp" 1119
"../../../Engine/Content/VREditor/TransformGizmo/TranslateArrowHandle.ubulk" 1120
"../../../Engine/Content/VREditor/TransformGizmo/TranslateArrowHandle.uasset" 1121
"../../../Engine/Content/VREditor/TransformGizmo/TranslateArrowHandle.uexp" 1122
"../../../Engine/Content/VREditor/TransformGizmo/UniformScaleHandle.ubulk" 1123
"../../../Engine/Content/VREditor/TransformGizmo/UniformScaleHandle.uasset" 1124
"../../../Engine/Content/VREditor/TransformGizmo/UniformScaleHandle.uexp" 1125
"../../../Engine/Content/VREditor/Sounds/UI/Drop_Item_From_ContentBrowser.ubulk" 1126
"../../../Engine/Content/VREditor/Sounds/UI/Drop_Item_From_ContentBrowser.uasset" 1127
"../../../Engine/Content/VREditor/Sounds/UI/Drop_Item_From_ContentBrowser.uexp" 1128
"../../../Engine/Content/VREditor/Sounds/UI/Gizmo_Handle_Clicked.ubulk" 1129
"../../../Engine/Content/VREditor/Sounds/UI/Gizmo_Handle_Clicked.uasset" 1130
"../../../Engine/Content/VREditor/Sounds/UI/Gizmo_Handle_Clicked.uexp" 1131
"../../../Engine/Content/VREditor/Sounds/UI/Object_PickUp.ubulk" 1132
"../../../Engine/Content/VREditor/Sounds/UI/Object_PickUp.uasset" 1133
"../../../Engine/Content/VREditor/Sounds/UI/Object_PickUp.uexp" 1134
"../../../Engine/Content/VREditor/Sounds/UI/Object_Snaps_To_Another_Actor.ubulk" 1135
"../../../Engine/Content/VREditor/Sounds/UI/Object_Snaps_To_Another_Actor.uasset" 1136
"../../../Engine/Content/VREditor/Sounds/UI/Object_Snaps_To_Another_Actor.uexp" 1137
"../../../Engine/Content/VREditor/Sounds/UI/Object_Snaps_To_Grid.ubulk" 1138
"../../../Engine/Content/VREditor/Sounds/UI/Object_Snaps_To_Grid.uasset" 1139
"../../../Engine/Content/VREditor/Sounds/UI/Object_Snaps_To_Grid.uexp" 1140
"../../../Engine/Content/VREditor/Sounds/UI/Scaling_Down.ubulk" 1141
"../../../Engine/Content/VREditor/Sounds/UI/Scaling_Down.uasset" 1142
"../../../Engine/Content/VREditor/Sounds/UI/Scaling_Down.uexp" 1143
"../../../Engine/Content/VREditor/Sounds/UI/Scaling_Up.ubulk" 1144
"../../../Engine/Content/VREditor/Sounds/UI/Scaling_Up.uasset" 1145
"../../../Engine/Content/VREditor/Sounds/UI/Scaling_Up.uexp" 1146
"../../../Engine/Content/VREditor/Sounds/UI/Selection_Changes.ubulk" 1147
"../../../Engine/Content/VREditor/Sounds/UI/Selection_Changes.uasset" 1148
"../../../Engine/Content/VREditor/Sounds/UI/Selection_Changes.uexp" 1149
"../../../Engine/Plugins/Animation/ControlRig/Content/Controls/ControlRigGizmoMaterial.uasset" 1150
"../../../Engine/Plugins/Animation/ControlRig/Content/Controls/ControlRigGizmoMaterial.uexp" 1151
"../../../Engine/Plugins/Animation/ControlRig/Content/Controls/ControlRigXRayMaterial.uasset" 1152
"../../../Engine/Plugins/Animation/ControlRig/Content/Controls/ControlRigXRayMaterial.uexp" 1153
"../../../Engine/Plugins/Animation/ControlRig/Content/Controls/ControlRig_Arrow2_1mm.ubulk" 1154
"../../../Engine/Plugins/Animation/ControlRig/Content/Controls/ControlRig_Arrow2_1mm.uasset" 1155
"../../../Engine/Plugins/Animation/ControlRig/Content/Controls/ControlRig_Arrow2_1mm.uexp" 1156
"../../../Engine/Plugins/Animation/ControlRig/Content/Controls/ControlRig_Arrow2_3mm.ubulk" 1157
"../../../Engine/Plugins/Animation/ControlRig/Content/Controls/ControlRig_Arrow2_3mm.uasset" 1158
"../../../Engine/Plugins/Animation/ControlRig/Content/Controls/ControlRig_Arrow2_3mm.uexp" 1159
"../../../Engine/Plugins/Animation/ControlRig/Content/Controls/ControlRig_Arrow2_solid.ubulk" 1160
"../../../Engine/Plugins/Animation/ControlRig/Content/Controls/ControlRig_Arrow2_solid.uasset" 1161
"../../../Engine/Plugins/Animation/ControlRig/Content/Controls/ControlRig_Arrow2_solid.uexp" 1162
"../../../Engine/Plugins/Animation/ControlRig/Content/Controls/ControlRig_Arrow4_1mm.ubulk" 1163
"../../../Engine/Plugins/Animation/ControlRig/Content/Controls/ControlRig_Arrow4_1mm.uasset" 1164
"../../../Engine/Plugins/Animation/ControlRig/Content/Controls/ControlRig_Arrow4_1mm.uexp" 1165
"../../../Engine/Plugins/Animation/ControlRig/Content/Controls/ControlRig_Arrow4_3mm.ubulk" 1166
"../../../Engine/Plugins/Animation/ControlRig/Content/Controls/ControlRig_Arrow4_3mm.uasset" 1167
"../../../Engine/Plugins/Animation/ControlRig/Content/Controls/ControlRig_Arrow4_3mm.uexp" 1168
"../../../Engine/Plugins/Animation/ControlRig/Content/Controls/ControlRig_Arrow4_solid.ubulk" 1169
"../../../Engine/Plugins/Animation/ControlRig/Content/Controls/ControlRig_Arrow4_solid.uasset" 1170
"../../../Engine/Plugins/Animation/ControlRig/Content/Controls/ControlRig_Arrow4_solid.uexp" 1171
"../../../Engine/Plugins/Animation/ControlRig/Content/Controls/ControlRig_Arrow_1mm.ubulk" 1172
"../../../Engine/Plugins/Animation/ControlRig/Content/Controls/ControlRig_Arrow_1mm.uasset" 1173
"../../../Engine/Plugins/Animation/ControlRig/Content/Controls/ControlRig_Arrow_1mm.uexp" 1174
"../../../Engine/Plugins/Animation/ControlRig/Content/Controls/ControlRig_Arrow_3mm.ubulk" 1175
"../../../Engine/Plugins/Animation/ControlRig/Content/Controls/ControlRig_Arrow_3mm.uasset" 1176
"../../../Engine/Plugins/Animation/ControlRig/Content/Controls/ControlRig_Arrow_3mm.uexp" 1177
"../../../Engine/Plugins/Animation/ControlRig/Content/Controls/ControlRig_Arrow_solid.ubulk" 1178
"../../../Engine/Plugins/Animation/ControlRig/Content/Controls/ControlRig_Arrow_solid.uasset" 1179
"../../../Engine/Plugins/Animation/ControlRig/Content/Controls/ControlRig_Arrow_solid.uexp" 1180
"../../../Engine/Plugins/Animation/ControlRig/Content/Controls/ControlRig_Box_1mm.ubulk" 1181
"../../../Engine/Plugins/Animation/ControlRig/Content/Controls/ControlRig_Box_1mm.uasset" 1182
"../../../Engine/Plugins/Animation/ControlRig/Content/Controls/ControlRig_Box_1mm.uexp" 1183
"../../../Engine/Plugins/Animation/ControlRig/Content/Controls/ControlRig_Box_3mm.ubulk" 1184
"../../../Engine/Plugins/Animation/ControlRig/Content/Controls/ControlRig_Box_3mm.uasset" 1185
"../../../Engine/Plugins/Animation/ControlRig/Content/Controls/ControlRig_Box_3mm.uexp" 1186
"../../../Engine/Plugins/Animation/ControlRig/Content/Controls/ControlRig_Box_solid.ubulk" 1187
"../../../Engine/Plugins/Animation/ControlRig/Content/Controls/ControlRig_Box_solid.uasset" 1188
"../../../Engine/Plugins/Animation/ControlRig/Content/Controls/ControlRig_Box_solid.uexp" 1189
"../../../Engine/Plugins/Animation/ControlRig/Content/Controls/ControlRig_Circle_1mm.ubulk" 1190
"../../../Engine/Plugins/Animation/ControlRig/Content/Controls/ControlRig_Circle_1mm.uasset" 1191
"../../../Engine/Plugins/Animation/ControlRig/Content/Controls/ControlRig_Circle_1mm.uexp" 1192
"../../../Engine/Plugins/Animation/ControlRig/Content/Controls/ControlRig_Circle_3mm.ubulk" 1193
"../../../Engine/Plugins/Animation/ControlRig/Content/Controls/ControlRig_Circle_3mm.uasset" 1194
"../../../Engine/Plugins/Animation/ControlRig/Content/Controls/ControlRig_Circle_3mm.uexp" 1195
"../../../Engine/Plugins/Animation/ControlRig/Content/Controls/ControlRig_Circle_solid.ubulk" 1196
"../../../Engine/Plugins/Animation/ControlRig/Content/Controls/ControlRig_Circle_solid.uasset" 1197
"../../../Engine/Plugins/Animation/ControlRig/Content/Controls/ControlRig_Circle_solid.uexp" 1198
"../../../Engine/Plugins/Animation/ControlRig/Content/Controls/ControlRig_Diamond_1mm.ubulk" 1199
"../../../Engine/Plugins/Animation/ControlRig/Content/Controls/ControlRig_Diamond_1mm.uasset" 1200
"../../../Engine/Plugins/Animation/ControlRig/Content/Controls/ControlRig_Diamond_1mm.uexp" 1201
"../../../Engine/Plugins/Animation/ControlRig/Content/Controls/ControlRig_Diamond_3mm.ubulk" 1202
"../../../Engine/Plugins/Animation/ControlRig/Content/Controls/ControlRig_Diamond_3mm.uasset" 1203
"../../../Engine/Plugins/Animation/ControlRig/Content/Controls/ControlRig_Diamond_3mm.uexp" 1204
"../../../Engine/Plugins/Animation/ControlRig/Content/Controls/ControlRig_Diamond_solid.ubulk" 1205
"../../../Engine/Plugins/Animation/ControlRig/Content/Controls/ControlRig_Diamond_solid.uasset" 1206
"../../../Engine/Plugins/Animation/ControlRig/Content/Controls/ControlRig_Diamond_solid.uexp" 1207
"../../../Engine/Plugins/Animation/ControlRig/Content/Controls/ControlRig_HalfCircle_1mm.ubulk" 1208
"../../../Engine/Plugins/Animation/ControlRig/Content/Controls/ControlRig_HalfCircle_1mm.uasset" 1209
"../../../Engine/Plugins/Animation/ControlRig/Content/Controls/ControlRig_HalfCircle_1mm.uexp" 1210
"../../../Engine/Plugins/Animation/ControlRig/Content/Controls/ControlRig_HalfCircle_3mm.ubulk" 1211
"../../../Engine/Plugins/Animation/ControlRig/Content/Controls/ControlRig_HalfCircle_3mm.uasset" 1212
"../../../Engine/Plugins/Animation/ControlRig/Content/Controls/ControlRig_HalfCircle_3mm.uexp" 1213
"../../../Engine/Plugins/Animation/ControlRig/Content/Controls/ControlRig_HalfCircle_solid.ubulk" 1214
"../../../Engine/Plugins/Animation/ControlRig/Content/Controls/ControlRig_HalfCircle_solid.uasset" 1215
"../../../Engine/Plugins/Animation/ControlRig/Content/Controls/ControlRig_HalfCircle_solid.uexp" 1216
"../../../Engine/Plugins/Animation/ControlRig/Content/Controls/ControlRig_Hexagon_1mm.ubulk" 1217
"../../../Engine/Plugins/Animation/ControlRig/Content/Controls/ControlRig_Hexagon_1mm.uasset" 1218
"../../../Engine/Plugins/Animation/ControlRig/Content/Controls/ControlRig_Hexagon_1mm.uexp" 1219
"../../../Engine/Plugins/Animation/ControlRig/Content/Controls/ControlRig_Hexagon_3mm.ubulk" 1220
"../../../Engine/Plugins/Animation/ControlRig/Content/Controls/ControlRig_Hexagon_3mm.uasset" 1221
"../../../Engine/Plugins/Animation/ControlRig/Content/Controls/ControlRig_Hexagon_3mm.uexp" 1222
"../../../Engine/Plugins/Animation/ControlRig/Content/Controls/ControlRig_Hexagon_solid.ubulk" 1223
"../../../Engine/Plugins/Animation/ControlRig/Content/Controls/ControlRig_Hexagon_solid.uasset" 1224
"../../../Engine/Plugins/Animation/ControlRig/Content/Controls/ControlRig_Hexagon_solid.uexp" 1225
"../../../Engine/Plugins/Animation/ControlRig/Content/Controls/ControlRig_Octagon_1mm.ubulk" 1226
"../../../Engine/Plugins/Animation/ControlRig/Content/Controls/ControlRig_Octagon_1mm.uasset" 1227
"../../../Engine/Plugins/Animation/ControlRig/Content/Controls/ControlRig_Octagon_1mm.uexp" 1228
"../../../Engine/Plugins/Animation/ControlRig/Content/Controls/ControlRig_Octagon_3mm.ubulk" 1229
"../../../Engine/Plugins/Animation/ControlRig/Content/Controls/ControlRig_Octagon_3mm.uasset" 1230
"../../../Engine/Plugins/Animation/ControlRig/Content/Controls/ControlRig_Octagon_3mm.uexp" 1231
"../../../Engine/Plugins/Animation/ControlRig/Content/Controls/ControlRig_Octagon_solid.ubulk" 1232
"../../../Engine/Plugins/Animation/ControlRig/Content/Controls/ControlRig_Octagon_solid.uasset" 1233
"../../../Engine/Plugins/Animation/ControlRig/Content/Controls/ControlRig_Octagon_solid.uexp" 1234
"../../../Engine/Plugins/Animation/ControlRig/Content/Controls/ControlRig_Pyramid_1mm.ubulk" 1235
"../../../Engine/Plugins/Animation/ControlRig/Content/Controls/ControlRig_Pyramid_1mm.uasset" 1236
"../../../Engine/Plugins/Animation/ControlRig/Content/Controls/ControlRig_Pyramid_1mm.uexp" 1237
"../../../Engine/Plugins/Animation/ControlRig/Content/Controls/ControlRig_Pyramid_3mm.ubulk" 1238
"../../../Engine/Plugins/Animation/ControlRig/Content/Controls/ControlRig_Pyramid_3mm.uasset" 1239
"../../../Engine/Plugins/Animation/ControlRig/Content/Controls/ControlRig_Pyramid_3mm.uexp" 1240
"../../../Engine/Plugins/Animation/ControlRig/Content/Controls/ControlRig_Pyramid_solid.ubulk" 1241
"../../../Engine/Plugins/Animation/ControlRig/Content/Controls/ControlRig_Pyramid_solid.uasset" 1242
"../../../Engine/Plugins/Animation/ControlRig/Content/Controls/ControlRig_Pyramid_solid.uexp" 1243
"../../../Engine/Plugins/Animation/ControlRig/Content/Controls/ControlRig_QuarterCircle_1mm.ubulk" 1244
"../../../Engine/Plugins/Animation/ControlRig/Content/Controls/ControlRig_QuarterCircle_1mm.uasset" 1245
"../../../Engine/Plugins/Animation/ControlRig/Content/Controls/ControlRig_QuarterCircle_1mm.uexp" 1246
"../../../Engine/Plugins/Animation/ControlRig/Content/Controls/ControlRig_QuarterCircle_3mm.ubulk" 1247
"../../../Engine/Plugins/Animation/ControlRig/Content/Controls/ControlRig_QuarterCircle_3mm.uasset" 1248
"../../../Engine/Plugins/Animation/ControlRig/Content/Controls/ControlRig_QuarterCircle_3mm.uexp" 1249
"../../../Engine/Plugins/Animation/ControlRig/Content/Controls/ControlRig_QuarterCircle_solid.ubulk" 1250
"../../../Engine/Plugins/Animation/ControlRig/Content/Controls/ControlRig_QuarterCircle_solid.uasset" 1251
"../../../Engine/Plugins/Animation/ControlRig/Content/Controls/ControlRig_QuarterCircle_solid.uexp" 1252
"../../../Engine/Plugins/Animation/ControlRig/Content/Controls/ControlRig_RoundedSquare_1mm.ubulk" 1253
"../../../Engine/Plugins/Animation/ControlRig/Content/Controls/ControlRig_RoundedSquare_1mm.uasset" 1254
"../../../Engine/Plugins/Animation/ControlRig/Content/Controls/ControlRig_RoundedSquare_1mm.uexp" 1255
"../../../Engine/Plugins/Animation/ControlRig/Content/Controls/ControlRig_RoundedSquare_3mm.ubulk" 1256
"../../../Engine/Plugins/Animation/ControlRig/Content/Controls/ControlRig_RoundedSquare_3mm.uasset" 1257
"../../../Engine/Plugins/Animation/ControlRig/Content/Controls/ControlRig_RoundedSquare_3mm.uexp" 1258
"../../../Engine/Plugins/Animation/ControlRig/Content/Controls/ControlRig_RoundedSquare_solid.ubulk" 1259
"../../../Engine/Plugins/Animation/ControlRig/Content/Controls/ControlRig_RoundedSquare_solid.uasset" 1260
"../../../Engine/Plugins/Animation/ControlRig/Content/Controls/ControlRig_RoundedSquare_solid.uexp" 1261
"../../../Engine/Plugins/Animation/ControlRig/Content/Controls/ControlRig_RoundedTriangle_1mm.ubulk" 1262
"../../../Engine/Plugins/Animation/ControlRig/Content/Controls/ControlRig_RoundedTriangle_1mm.uasset" 1263
"../../../Engine/Plugins/Animation/ControlRig/Content/Controls/ControlRig_RoundedTriangle_1mm.uexp" 1264
"../../../Engine/Plugins/Animation/ControlRig/Content/Controls/ControlRig_RoundedTriangle_3mm.ubulk" 1265
"../../../Engine/Plugins/Animation/ControlRig/Content/Controls/ControlRig_RoundedTriangle_3mm.uasset" 1266
"../../../Engine/Plugins/Animation/ControlRig/Content/Controls/ControlRig_RoundedTriangle_3mm.uexp" 1267
"../../../Engine/Plugins/Animation/ControlRig/Content/Controls/ControlRig_RoundedTriangle_solid.ubulk" 1268
"../../../Engine/Plugins/Animation/ControlRig/Content/Controls/ControlRig_RoundedTriangle_solid.uasset" 1269
"../../../Engine/Plugins/Animation/ControlRig/Content/Controls/ControlRig_RoundedTriangle_solid.uexp" 1270
"../../../Engine/Plugins/Animation/ControlRig/Content/Controls/ControlRig_Sphere_1mm.ubulk" 1271
"../../../Engine/Plugins/Animation/ControlRig/Content/Controls/ControlRig_Sphere_1mm.uasset" 1272
"../../../Engine/Plugins/Animation/ControlRig/Content/Controls/ControlRig_Sphere_1mm.uexp" 1273
"../../../Engine/Plugins/Animation/ControlRig/Content/Controls/ControlRig_Sphere_3mm.ubulk" 1274
"../../../Engine/Plugins/Animation/ControlRig/Content/Controls/ControlRig_Sphere_3mm.uasset" 1275
"../../../Engine/Plugins/Animation/ControlRig/Content/Controls/ControlRig_Sphere_3mm.uexp" 1276
"../../../Engine/Plugins/Animation/ControlRig/Content/Controls/ControlRig_Sphere_solid.ubulk" 1277
"../../../Engine/Plugins/Animation/ControlRig/Content/Controls/ControlRig_Sphere_solid.uasset" 1278
"../../../Engine/Plugins/Animation/ControlRig/Content/Controls/ControlRig_Sphere_solid.uexp" 1279
"../../../Engine/Plugins/Animation/ControlRig/Content/Controls/ControlRig_Square_1mm.ubulk" 1280
"../../../Engine/Plugins/Animation/ControlRig/Content/Controls/ControlRig_Square_1mm.uasset" 1281
"../../../Engine/Plugins/Animation/ControlRig/Content/Controls/ControlRig_Square_1mm.uexp" 1282
"../../../Engine/Plugins/Animation/ControlRig/Content/Controls/ControlRig_Square_3mm.ubulk" 1283
"../../../Engine/Plugins/Animation/ControlRig/Content/Controls/ControlRig_Square_3mm.uasset" 1284
"../../../Engine/Plugins/Animation/ControlRig/Content/Controls/ControlRig_Square_3mm.uexp" 1285
"../../../Engine/Plugins/Animation/ControlRig/Content/Controls/ControlRig_Square_solid.ubulk" 1286
"../../../Engine/Plugins/Animation/ControlRig/Content/Controls/ControlRig_Square_solid.uasset" 1287
"../../../Engine/Plugins/Animation/ControlRig/Content/Controls/ControlRig_Square_solid.uexp" 1288
"../../../Engine/Plugins/Animation/ControlRig/Content/Controls/ControlRig_Star4_1mm.ubulk" 1289
"../../../Engine/Plugins/Animation/ControlRig/Content/Controls/ControlRig_Star4_1mm.uasset" 1290
"../../../Engine/Plugins/Animation/ControlRig/Content/Controls/ControlRig_Star4_1mm.uexp" 1291
"../../../Engine/Plugins/Animation/ControlRig/Content/Controls/ControlRig_Star4_3mm.ubulk" 1292
"../../../Engine/Plugins/Animation/ControlRig/Content/Controls/ControlRig_Star4_3mm.uasset" 1293
"../../../Engine/Plugins/Animation/ControlRig/Content/Controls/ControlRig_Star4_3mm.uexp" 1294
"../../../Engine/Plugins/Animation/ControlRig/Content/Controls/ControlRig_Star4_solid.ubulk" 1295
"../../../Engine/Plugins/Animation/ControlRig/Content/Controls/ControlRig_Star4_solid.uasset" 1296
"../../../Engine/Plugins/Animation/ControlRig/Content/Controls/ControlRig_Star4_solid.uexp" 1297
"../../../Engine/Plugins/Animation/ControlRig/Content/Controls/ControlRig_Triangle_1mm.ubulk" 1298
"../../../Engine/Plugins/Animation/ControlRig/Content/Controls/ControlRig_Triangle_1mm.uasset" 1299
"../../../Engine/Plugins/Animation/ControlRig/Content/Controls/ControlRig_Triangle_1mm.uexp" 1300
"../../../Engine/Plugins/Animation/ControlRig/Content/Controls/ControlRig_Triangle_3mm.ubulk" 1301
"../../../Engine/Plugins/Animation/ControlRig/Content/Controls/ControlRig_Triangle_3mm.uasset" 1302
"../../../Engine/Plugins/Animation/ControlRig/Content/Controls/ControlRig_Triangle_3mm.uexp" 1303
"../../../Engine/Plugins/Animation/ControlRig/Content/Controls/ControlRig_Triangle_solid.ubulk" 1304
"../../../Engine/Plugins/Animation/ControlRig/Content/Controls/ControlRig_Triangle_solid.uasset" 1305
"../../../Engine/Plugins/Animation/ControlRig/Content/Controls/ControlRig_Triangle_solid.uexp" 1306
"../../../Engine/Plugins/Animation/ControlRig/Content/Controls/ControlRig_Wedge_1mm.ubulk" 1307
"../../../Engine/Plugins/Animation/ControlRig/Content/Controls/ControlRig_Wedge_1mm.uasset" 1308
"../../../Engine/Plugins/Animation/ControlRig/Content/Controls/ControlRig_Wedge_1mm.uexp" 1309
"../../../Engine/Plugins/Animation/DeformerGraph/Content/DeformerFunctions/DG_Function_LinearBlendSkin_Morph_Cloth.uasset" 1310
"../../../Engine/Plugins/Animation/DeformerGraph/Content/DeformerFunctions/DG_Function_LinearBlendSkin_Morph_Cloth.uexp" 1311
"../../../Engine/Plugins/Animation/DeformerGraph/Content/Deformers/DG_LinearBlendSkin_Morph_Cloth.uasset" 1312
"../../../Engine/Plugins/Animation/DeformerGraph/Content/Deformers/DG_LinearBlendSkin_Morph_Cloth.uexp" 1313
"../../../Engine/Plugins/Animation/DeformerGraph/Content/DeformerFunctions/DG_Function_ComputeNormalsTangents.uasset" 1314
"../../../Engine/Plugins/Animation/DeformerGraph/Content/DeformerFunctions/DG_Function_ComputeNormalsTangents.uexp" 1315
"../../../Engine/Plugins/Animation/DeformerGraph/Content/DeformerFunctions/DG_Function_LinearBlendSkin_Morph_Cloth_PositionOnly.uasset" 1316
"../../../Engine/Plugins/Animation/DeformerGraph/Content/DeformerFunctions/DG_Function_LinearBlendSkin_Morph_Cloth_PositionOnly.uexp" 1317
"../../../Engine/Plugins/Animation/DeformerGraph/Content/Deformers/DG_LinearBlendSkin_Morph_Cloth_RecomputeNormals.uasset" 1318
"../../../Engine/Plugins/Animation/DeformerGraph/Content/Deformers/DG_LinearBlendSkin_Morph_Cloth_RecomputeNormals.uexp" 1319
"../../../Engine/Content/Functions/Engine_MaterialFunctions02/WorldPositionOffset/ObjectScale.uasset" 1320
"../../../Engine/Content/Functions/Engine_MaterialFunctions02/WorldPositionOffset/ObjectScale.uexp" 1321
"../../../Engine/Plugins/Editor/SpeedTreeImporter/Content/SpeedTree9/Empty.uasset" 1322
"../../../Engine/Plugins/Editor/SpeedTreeImporter/Content/SpeedTree9/Empty.uexp" 1323
"../../../Engine/Plugins/Editor/SpeedTreeImporter/Content/SpeedTree9/EmptyNormal.uasset" 1324
"../../../Engine/Plugins/Editor/SpeedTreeImporter/Content/SpeedTree9/EmptyNormal.uexp" 1325
"../../../Engine/Plugins/Editor/SpeedTreeImporter/Content/SpeedTree9/game_wind_noise.ubulk" 1326
"../../../Engine/Plugins/Editor/SpeedTreeImporter/Content/SpeedTree9/game_wind_noise.uasset" 1327
"../../../Engine/Plugins/Editor/SpeedTreeImporter/Content/SpeedTree9/game_wind_noise.uexp" 1328
"../../../Engine/Plugins/Editor/SpeedTreeImporter/Content/SpeedTree9/SpeedTreeBillboard.uasset" 1329
"../../../Engine/Plugins/Editor/SpeedTreeImporter/Content/SpeedTree9/SpeedTreeBillboard.uexp" 1330
"../../../Engine/Content/Functions/Engine_MaterialFunctions02/SafeNormalize.uasset" 1331
"../../../Engine/Content/Functions/Engine_MaterialFunctions02/SafeNormalize.uexp" 1332
"../../../Engine/Plugins/Editor/SpeedTreeImporter/Content/SpeedTree9/SpeedTreeWindMotion.uasset" 1333
"../../../Engine/Plugins/Editor/SpeedTreeImporter/Content/SpeedTree9/SpeedTreeWindMotion.uexp" 1334
"../../../Engine/Plugins/Editor/SpeedTreeImporter/Content/SpeedTree9/UnpackDirection.uasset" 1335
"../../../Engine/Plugins/Editor/SpeedTreeImporter/Content/SpeedTree9/UnpackDirection.uexp" 1336
"../../../Engine/Plugins/Editor/SpeedTreeImporter/Content/SpeedTree9/UnpackInteger3.uasset" 1337
"../../../Engine/Plugins/Editor/SpeedTreeImporter/Content/SpeedTree9/UnpackInteger3.uexp" 1338
"../../../Engine/Plugins/Editor/SpeedTreeImporter/Content/SpeedTree9/SpeedTreeBranchMotion.uasset" 1339
"../../../Engine/Plugins/Editor/SpeedTreeImporter/Content/SpeedTree9/SpeedTreeBranchMotion.uexp" 1340
"../../../Engine/Content/Functions/Engine_MaterialFunctions02/ObjectLocalBounds.uasset" 1341
"../../../Engine/Content/Functions/Engine_MaterialFunctions02/ObjectLocalBounds.uexp" 1342
"../../../Engine/Content/Functions/Engine_MaterialFunctions02/UVs/BoundingBoxBased_0-1_UVW.uasset" 1343
"../../../Engine/Content/Functions/Engine_MaterialFunctions02/UVs/BoundingBoxBased_0-1_UVW.uexp" 1344
"../../../Engine/Plugins/Editor/SpeedTreeImporter/Content/SpeedTree9/SpeedTreeWind.uasset" 1345
"../../../Engine/Plugins/Editor/SpeedTreeImporter/Content/SpeedTree9/SpeedTreeWind.uexp" 1346
"../../../Engine/Plugins/Editor/SpeedTreeImporter/Content/SpeedTree9/SpeedTreeBillboardMaster.uasset" 1347
"../../../Engine/Plugins/Editor/SpeedTreeImporter/Content/SpeedTree9/SpeedTreeBillboardMaster.uexp" 1348
"../../../Engine/Plugins/Editor/SpeedTreeImporter/Content/SpeedTree9/SpeedTreeCameraFacing.uasset" 1349
"../../../Engine/Plugins/Editor/SpeedTreeImporter/Content/SpeedTree9/SpeedTreeCameraFacing.uexp" 1350
"../../../Engine/Plugins/Editor/SpeedTreeImporter/Content/SpeedTree9/SpeedTreeMaster.uasset" 1351
"../../../Engine/Plugins/Editor/SpeedTreeImporter/Content/SpeedTree9/SpeedTreeMaster.uexp" 1352
"../../../Engine/Content/Maps/Entry_BuiltData.uasset" 1353
"../../../Engine/Content/Maps/Entry_BuiltData.uexp" 1354
"../../../Engine/Content/Maps/Entry.uexp" 1355
"../../../Engine/Content/Maps/Entry.umap" 1356
"C:/Users/acker/Desktop/Inbox_from_Hell_updated-001/Content/BPs/BP_GameMode.uasset" 1357
"C:/Users/acker/Desktop/Inbox_from_Hell_updated-001/Content/BPs/BP_GameMode.uexp" 1358
"C:/Users/acker/Desktop/Inbox_from_Hell_updated-001/Content/BPs/WBP_HUD.uasset" 1359
"C:/Users/acker/Desktop/Inbox_from_Hell_updated-001/Content/BPs/WBP_HUD.uexp" 1360
"C:/Users/acker/Desktop/Inbox_from_Hell_updated-001/Content/Background/PauseScreen.uasset" 1361
"C:/Users/acker/Desktop/Inbox_from_Hell_updated-001/Content/Background/PauseScreen.uexp" 1362
"C:/Users/acker/Desktop/Inbox_from_Hell_updated-001/Content/BPs/Gemini_Generated_Image_ejm5afejm5afejm5.uasset" 1363
"C:/Users/acker/Desktop/Inbox_from_Hell_updated-001/Content/BPs/Gemini_Generated_Image_ejm5afejm5afejm5.uexp" 1364
"C:/Users/acker/Desktop/Inbox_from_Hell_updated-001/Content/BPs/pi/Gemini_Generated_Image_bjgpm6bjgpm6bjgp__1_.uasset" 1365
"C:/Users/acker/Desktop/Inbox_from_Hell_updated-001/Content/BPs/pi/Gemini_Generated_Image_bjgpm6bjgpm6bjgp__1_.uexp" 1366
"C:/Users/acker/Desktop/Inbox_from_Hell_updated-001/Content/BPs/WBP_Instructions.uasset" 1367
"C:/Users/acker/Desktop/Inbox_from_Hell_updated-001/Content/BPs/WBP_Instructions.uexp" 1368
"C:/Users/acker/Desktop/Inbox_from_Hell_updated-001/Content/BPs/WBP_PauseMenu.uasset" 1369
"C:/Users/acker/Desktop/Inbox_from_Hell_updated-001/Content/BPs/WBP_PauseMenu.uexp" 1370
"C:/Users/acker/Desktop/Inbox_from_Hell_updated-001/Content/Developers/esuch/main/lnplusmusic-spy-detective-robbery-music-463282.ubulk" 1371
"C:/Users/acker/Desktop/Inbox_from_Hell_updated-001/Content/Developers/esuch/main/lnplusmusic-spy-detective-robbery-music-463282.uasset" 1372
"C:/Users/acker/Desktop/Inbox_from_Hell_updated-001/Content/Developers/esuch/main/lnplusmusic-spy-detective-robbery-music-463282.uexp" 1373
"C:/Users/acker/Desktop/Inbox_from_Hell_updated-001/Content/Developers/esuch/main/bg_sound_music.uasset" 1374
"C:/Users/acker/Desktop/Inbox_from_Hell_updated-001/Content/Developers/esuch/main/bg_sound_music.uexp" 1375
"C:/Users/acker/Desktop/Inbox_from_Hell_updated-001/Content/Level/main_level.uexp" 1376
"C:/Users/acker/Desktop/Inbox_from_Hell_updated-001/Content/Level/main_level.umap" 1377
"C:/Users/acker/Desktop/Inbox_from_Hell_updated-001/Content/Level/MainMenu.uexp" 1378
"C:/Users/acker/Desktop/Inbox_from_Hell_updated-001/Content/Level/MainMenu.umap" 1379
"C:/Users/acker/Desktop/Inbox_from_Hell_updated-001/Content/Level/main_level/_Generated_/60L3JSZ1EE0F97YAJ5TBUXWAT.uexp" 1380
"C:/Users/acker/Desktop/Inbox_from_Hell_updated-001/Content/Level/main_level/_Generated_/60L3JSZ1EE0F97YAJ5TBUXWAT.ubulk" 1381
"C:/Users/acker/Desktop/Inbox_from_Hell_updated-001/Content/Level/main_level/_Generated_/60L3JSZ1EE0F97YAJ5TBUXWAT.umap" 1382
"C:/Users/acker/Desktop/Inbox_from_Hell_updated-001/Content/Level/main_level/_Generated_/C8SBW1ZMWP3EX2O88SXNTP534.uexp" 1383
"C:/Users/acker/Desktop/Inbox_from_Hell_updated-001/Content/Level/main_level/_Generated_/C8SBW1ZMWP3EX2O88SXNTP534.ubulk" 1384
"C:/Users/acker/Desktop/Inbox_from_Hell_updated-001/Content/Level/main_level/_Generated_/C8SBW1ZMWP3EX2O88SXNTP534.umap" 1385
"C:/Users/acker/Desktop/Inbox_from_Hell_updated-001/Content/Level/main_level/_Generated_/D1G3DZMZM5GLP0GUKF6Y064SA.uexp" 1386
"C:/Users/acker/Desktop/Inbox_from_Hell_updated-001/Content/Level/main_level/_Generated_/D1G3DZMZM5GLP0GUKF6Y064SA.ubulk" 1387
"C:/Users/acker/Desktop/Inbox_from_Hell_updated-001/Content/Level/main_level/_Generated_/D1G3DZMZM5GLP0GUKF6Y064SA.umap" 1388
"C:/Users/acker/Desktop/Inbox_from_Hell_updated-001/Content/Level/main_level/_Generated_/B8UONFFJJVVEI83TH0394W85X.uexp" 1389
"C:/Users/acker/Desktop/Inbox_from_Hell_updated-001/Content/Level/main_level/_Generated_/B8UONFFJJVVEI83TH0394W85X.ubulk" 1390
"C:/Users/acker/Desktop/Inbox_from_Hell_updated-001/Content/Level/main_level/_Generated_/B8UONFFJJVVEI83TH0394W85X.umap" 1391
"C:/Users/acker/Desktop/Inbox_from_Hell_updated-001/Content/Level/main_level/_Generated_/4U85QB5EKZT1IKR76Y504CZZM.uexp" 1392
"C:/Users/acker/Desktop/Inbox_from_Hell_updated-001/Content/Level/main_level/_Generated_/4U85QB5EKZT1IKR76Y504CZZM.ubulk" 1393
"C:/Users/acker/Desktop/Inbox_from_Hell_updated-001/Content/Level/main_level/_Generated_/4U85QB5EKZT1IKR76Y504CZZM.umap" 1394
"C:/Users/acker/Desktop/Inbox_from_Hell_updated-001/Content/Level/main_level/_Generated_/6JHNP21BOZNULK0C51LYMJ78Y.uexp" 1395
"C:/Users/acker/Desktop/Inbox_from_Hell_updated-001/Content/Level/main_level/_Generated_/6JHNP21BOZNULK0C51LYMJ78Y.ubulk" 1396
"C:/Users/acker/Desktop/Inbox_from_Hell_updated-001/Content/Level/main_level/_Generated_/6JHNP21BOZNULK0C51LYMJ78Y.umap" 1397
"C:/Users/acker/Desktop/Inbox_from_Hell_updated-001/Content/Level/main_level/_Generated_/622QX3NROFPKF0PMCI67IIO5Y.uexp" 1398
"C:/Users/acker/Desktop/Inbox_from_Hell_updated-001/Content/Level/main_level/_Generated_/622QX3NROFPKF0PMCI67IIO5Y.ubulk" 1399
"C:/Users/acker/Desktop/Inbox_from_Hell_updated-001/Content/Level/main_level/_Generated_/622QX3NROFPKF0PMCI67IIO5Y.umap" 1400
"C:/Users/acker/Desktop/Inbox_from_Hell_updated-001/Content/Level/main_level/_Generated_/67I3WFUONMRDY3QGRK5BE7QPW.uexp" 1401
"C:/Users/acker/Desktop/Inbox_from_Hell_updated-001/Content/Level/main_level/_Generated_/67I3WFUONMRDY3QGRK5BE7QPW.ubulk" 1402
"C:/Users/acker/Desktop/Inbox_from_Hell_updated-001/Content/Level/main_level/_Generated_/67I3WFUONMRDY3QGRK5BE7QPW.umap" 1403
"C:/Users/acker/Desktop/Inbox_from_Hell_updated-001/Content/Level/main_level/_Generated_/EDFDZTA0ARE8I9QHVHHGAVA7M.uexp" 1404
"C:/Users/acker/Desktop/Inbox_from_Hell_updated-001/Content/Level/main_level/_Generated_/EDFDZTA0ARE8I9QHVHHGAVA7M.ubulk" 1405
"C:/Users/acker/Desktop/Inbox_from_Hell_updated-001/Content/Level/main_level/_Generated_/EDFDZTA0ARE8I9QHVHHGAVA7M.umap" 1406
"C:/Users/acker/Desktop/Inbox_from_Hell_updated-001/Content/Level/main_level/_Generated_/61Q7LQO2FCPC5CQKHJ9ABDFXY.uexp" 1407
"C:/Users/acker/Desktop/Inbox_from_Hell_updated-001/Content/Level/main_level/_Generated_/61Q7LQO2FCPC5CQKHJ9ABDFXY.ubulk" 1408
"C:/Users/acker/Desktop/Inbox_from_Hell_updated-001/Content/Level/main_level/_Generated_/61Q7LQO2FCPC5CQKHJ9ABDFXY.umap" 1409
"C:/Users/acker/Desktop/Inbox_from_Hell_updated-001/Content/Level/main_level/_Generated_/A0LDV2K54IPDAO20RPNTLTW1I.uexp" 1410
"C:/Users/acker/Desktop/Inbox_from_Hell_updated-001/Content/Level/main_level/_Generated_/A0LDV2K54IPDAO20RPNTLTW1I.ubulk" 1411
"C:/Users/acker/Desktop/Inbox_from_Hell_updated-001/Content/Level/main_level/_Generated_/A0LDV2K54IPDAO20RPNTLTW1I.umap" 1412
"C:/Users/acker/Desktop/Inbox_from_Hell_updated-001/Content/Level/main_level/_Generated_/E0VDUN3KCRZV3HT415YIX7Z6R.uexp" 1413
"C:/Users/acker/Desktop/Inbox_from_Hell_updated-001/Content/Level/main_level/_Generated_/E0VDUN3KCRZV3HT415YIX7Z6R.ubulk" 1414
"C:/Users/acker/Desktop/Inbox_from_Hell_updated-001/Content/Level/main_level/_Generated_/E0VDUN3KCRZV3HT415YIX7Z6R.umap" 1415
"C:/Users/acker/Desktop/Inbox_from_Hell_updated-001/Content/Level/main_level/_Generated_/2PNYSBZ364WYARMU2B9QKLXWD.uexp" 1416
"C:/Users/acker/Desktop/Inbox_from_Hell_updated-001/Content/Level/main_level/_Generated_/2PNYSBZ364WYARMU2B9QKLXWD.ubulk" 1417
"C:/Users/acker/Desktop/Inbox_from_Hell_updated-001/Content/Level/main_level/_Generated_/2PNYSBZ364WYARMU2B9QKLXWD.umap" 1418
"C:/Users/acker/Desktop/Inbox_from_Hell_updated-001/Content/Level/main_level/_Generated_/2W82CO68HVRZNODWU1QCKU2ZZ.uexp" 1419
"C:/Users/acker/Desktop/Inbox_from_Hell_updated-001/Content/Level/main_level/_Generated_/2W82CO68HVRZNODWU1QCKU2ZZ.ubulk" 1420
"C:/Users/acker/Desktop/Inbox_from_Hell_updated-001/Content/Level/main_level/_Generated_/2W82CO68HVRZNODWU1QCKU2ZZ.umap" 1421
"C:/Users/acker/Desktop/Inbox_from_Hell_updated-001/Content/Level/main_level/_Generated_/EUOG4KVJU7HLGX2BP4FV25JCT.uexp" 1422
"C:/Users/acker/Desktop/Inbox_from_Hell_updated-001/Content/Level/main_level/_Generated_/EUOG4KVJU7HLGX2BP4FV25JCT.ubulk" 1423
"C:/Users/acker/Desktop/Inbox_from_Hell_updated-001/Content/Level/main_level/_Generated_/EUOG4KVJU7HLGX2BP4FV25JCT.umap" 1424
"C:/Users/acker/Desktop/Inbox_from_Hell_updated-001/Content/Level/main_level/_Generated_/751JG2Y4XAY0OBKB5D1NX9ZWA.uexp" 1425
"C:/Users/acker/Desktop/Inbox_from_Hell_updated-001/Content/Level/main_level/_Generated_/751JG2Y4XAY0OBKB5D1NX9ZWA.ubulk" 1426
"C:/Users/acker/Desktop/Inbox_from_Hell_updated-001/Content/Level/main_level/_Generated_/751JG2Y4XAY0OBKB5D1NX9ZWA.umap" 1427
"C:/Users/acker/Desktop/Inbox_from_Hell_updated-001/Content/Level/main_level/_Generated_/B4DNNZCSON0HK6SF51M4776UG.uexp" 1428
"C:/Users/acker/Desktop/Inbox_from_Hell_updated-001/Content/Level/main_level/_Generated_/B4DNNZCSON0HK6SF51M4776UG.ubulk" 1429
"C:/Users/acker/Desktop/Inbox_from_Hell_updated-001/Content/Level/main_level/_Generated_/B4DNNZCSON0HK6SF51M4776UG.umap" 1430
"C:/Users/acker/Desktop/Inbox_from_Hell_updated-001/Content/Level/main_level/_Generated_/7DLD87O26JRPBC6EZXMVM8H47.uexp" 1431
"C:/Users/acker/Desktop/Inbox_from_Hell_updated-001/Content/Level/main_level/_Generated_/7DLD87O26JRPBC6EZXMVM8H47.ubulk" 1432
"C:/Users/acker/Desktop/Inbox_from_Hell_updated-001/Content/Level/main_level/_Generated_/7DLD87O26JRPBC6EZXMVM8H47.umap" 1433
"C:/Users/acker/Desktop/Inbox_from_Hell_updated-001/Content/Level/main_level/_Generated_/6PIAB7O2B5255OMPP5HJUCZ8S.uexp" 1434
"C:/Users/acker/Desktop/Inbox_from_Hell_updated-001/Content/Level/main_level/_Generated_/6PIAB7O2B5255OMPP5HJUCZ8S.ubulk" 1435
"C:/Users/acker/Desktop/Inbox_from_Hell_updated-001/Content/Level/main_level/_Generated_/6PIAB7O2B5255OMPP5HJUCZ8S.umap" 1436
"C:/Users/acker/Desktop/Inbox_from_Hell_updated-001/Content/Level/main_level/_Generated_/5OMLWB4SG5O21R2V8A9NRLXHB.uexp" 1437
"C:/Users/acker/Desktop/Inbox_from_Hell_updated-001/Content/Level/main_level/_Generated_/5OMLWB4SG5O21R2V8A9NRLXHB.ubulk" 1438
"C:/Users/acker/Desktop/Inbox_from_Hell_updated-001/Content/Level/main_level/_Generated_/5OMLWB4SG5O21R2V8A9NRLXHB.umap" 1439
"C:/Users/acker/Desktop/Inbox_from_Hell_updated-001/Content/Level/main_level/_Generated_/16O6PFM065I9KO8NQT2KJVXG3.uexp" 1440
"C:/Users/acker/Desktop/Inbox_from_Hell_updated-001/Content/Level/main_level/_Generated_/16O6PFM065I9KO8NQT2KJVXG3.ubulk" 1441
"C:/Users/acker/Desktop/Inbox_from_Hell_updated-001/Content/Level/main_level/_Generated_/16O6PFM065I9KO8NQT2KJVXG3.umap" 1442
"C:/Users/acker/Desktop/Inbox_from_Hell_updated-001/Content/Level/main_level/_Generated_/34FIGH1VF5IROOHJ04EVFX5VU.uexp" 1443
"C:/Users/acker/Desktop/Inbox_from_Hell_updated-001/Content/Level/main_level/_Generated_/34FIGH1VF5IROOHJ04EVFX5VU.ubulk" 1444
"C:/Users/acker/Desktop/Inbox_from_Hell_updated-001/Content/Level/main_level/_Generated_/34FIGH1VF5IROOHJ04EVFX5VU.umap" 1445
"C:/Users/acker/Desktop/Inbox_from_Hell_updated-001/Content/Level/main_level/_Generated_/CYAC4QTGFPQ2Q3W2T8MA53QPY.uexp" 1446
"C:/Users/acker/Desktop/Inbox_from_Hell_updated-001/Content/Level/main_level/_Generated_/CYAC4QTGFPQ2Q3W2T8MA53QPY.ubulk" 1447
"C:/Users/acker/Desktop/Inbox_from_Hell_updated-001/Content/Level/main_level/_Generated_/CYAC4QTGFPQ2Q3W2T8MA53QPY.umap" 1448
"C:/Users/acker/Desktop/Inbox_from_Hell_updated-001/Content/Level/main_level/_Generated_/10XUEWW6998F8SB5SY7SUHTRG.uexp" 1449
"C:/Users/acker/Desktop/Inbox_from_Hell_updated-001/Content/Level/main_level/_Generated_/10XUEWW6998F8SB5SY7SUHTRG.ubulk" 1450
"C:/Users/acker/Desktop/Inbox_from_Hell_updated-001/Content/Level/main_level/_Generated_/10XUEWW6998F8SB5SY7SUHTRG.umap" 1451
"C:/Users/acker/Desktop/Inbox_from_Hell_updated-001/Content/Level/main_level/_Generated_/2OZA1CBJZVXU3VART8EEPLRG5.uexp" 1452
"C:/Users/acker/Desktop/Inbox_from_Hell_updated-001/Content/Level/main_level/_Generated_/2OZA1CBJZVXU3VART8EEPLRG5.ubulk" 1453
"C:/Users/acker/Desktop/Inbox_from_Hell_updated-001/Content/Level/main_level/_Generated_/2OZA1CBJZVXU3VART8EEPLRG5.umap" 1454
"C:/Users/acker/Desktop/Inbox_from_Hell_updated-001/Content/Level/main_level/_Generated_/AJO9IGEQ3JZIM2S62ROBW5GDU.uexp" 1455
"C:/Users/acker/Desktop/Inbox_from_Hell_updated-001/Content/Level/main_level/_Generated_/AJO9IGEQ3JZIM2S62ROBW5GDU.ubulk" 1456
"C:/Users/acker/Desktop/Inbox_from_Hell_updated-001/Content/Level/main_level/_Generated_/AJO9IGEQ3JZIM2S62ROBW5GDU.umap" 1457
"C:/Users/acker/Desktop/Inbox_from_Hell_updated-001/Content/Level/main_level/_Generated_/7T91TQZO90XDZ2BWLEUO1HUTD.uexp" 1458
"C:/Users/acker/Desktop/Inbox_from_Hell_updated-001/Content/Level/main_level/_Generated_/7T91TQZO90XDZ2BWLEUO1HUTD.ubulk" 1459
"C:/Users/acker/Desktop/Inbox_from_Hell_updated-001/Content/Level/main_level/_Generated_/7T91TQZO90XDZ2BWLEUO1HUTD.umap" 1460
"C:/Users/acker/Desktop/Inbox_from_Hell_updated-001/Content/Level/main_level/_Generated_/3EBWNHEKFTAQJ5S96T6G6QKX3.uexp" 1461
"C:/Users/acker/Desktop/Inbox_from_Hell_updated-001/Content/Level/main_level/_Generated_/3EBWNHEKFTAQJ5S96T6G6QKX3.ubulk" 1462
"C:/Users/acker/Desktop/Inbox_from_Hell_updated-001/Content/Level/main_level/_Generated_/3EBWNHEKFTAQJ5S96T6G6QKX3.umap" 1463
"C:/Users/acker/Desktop/Inbox_from_Hell_updated-001/Content/Level/main_level/_Generated_/2SL507YEXEN1MOY4CJCVHZ8PJ.uexp" 1464
"C:/Users/acker/Desktop/Inbox_from_Hell_updated-001/Content/Level/main_level/_Generated_/2SL507YEXEN1MOY4CJCVHZ8PJ.ubulk" 1465
"C:/Users/acker/Desktop/Inbox_from_Hell_updated-001/Content/Level/main_level/_Generated_/2SL507YEXEN1MOY4CJCVHZ8PJ.umap" 1466
"C:/Users/acker/Desktop/Inbox_from_Hell_updated-001/Content/Level/main_level/_Generated_/1DP4WYVP7OUTHHDFYV82STW1R.uexp" 1467
"C:/Users/acker/Desktop/Inbox_from_Hell_updated-001/Content/Level/main_level/_Generated_/1DP4WYVP7OUTHHDFYV82STW1R.ubulk" 1468
"C:/Users/acker/Desktop/Inbox_from_Hell_updated-001/Content/Level/main_level/_Generated_/1DP4WYVP7OUTHHDFYV82STW1R.umap" 1469
"C:/Users/acker/Desktop/Inbox_from_Hell_updated-001/Content/Level/main_level/_Generated_/8ERZG8DIJZZYDCIHQWYCYYMXG.uexp" 1470
"C:/Users/acker/Desktop/Inbox_from_Hell_updated-001/Content/Level/main_level/_Generated_/8ERZG8DIJZZYDCIHQWYCYYMXG.ubulk" 1471
"C:/Users/acker/Desktop/Inbox_from_Hell_updated-001/Content/Level/main_level/_Generated_/8ERZG8DIJZZYDCIHQWYCYYMXG.umap" 1472
"C:/Users/acker/Desktop/Inbox_from_Hell_updated-001/Content/Level/main_level/_Generated_/DQCU1PWOJT7U2F7WKU73QL1T4.uexp" 1473
"C:/Users/acker/Desktop/Inbox_from_Hell_updated-001/Content/Level/main_level/_Generated_/DQCU1PWOJT7U2F7WKU73QL1T4.ubulk" 1474
"C:/Users/acker/Desktop/Inbox_from_Hell_updated-001/Content/Level/main_level/_Generated_/DQCU1PWOJT7U2F7WKU73QL1T4.umap" 1475
"C:/Users/acker/Desktop/Inbox_from_Hell_updated-001/Content/Level/main_level/_Generated_/0FR6SDM8VI9ZQDG1OD8LBKJW7.uexp" 1476
"C:/Users/acker/Desktop/Inbox_from_Hell_updated-001/Content/Level/main_level/_Generated_/0FR6SDM8VI9ZQDG1OD8LBKJW7.ubulk" 1477
"C:/Users/acker/Desktop/Inbox_from_Hell_updated-001/Content/Level/main_level/_Generated_/0FR6SDM8VI9ZQDG1OD8LBKJW7.umap" 1478
"C:/Users/acker/Desktop/Inbox_from_Hell_updated-001/Content/Level/main_level/_Generated_/45RAQNJZAC0HOOOME82ATICRH.uexp" 1479
"C:/Users/acker/Desktop/Inbox_from_Hell_updated-001/Content/Level/main_level/_Generated_/45RAQNJZAC0HOOOME82ATICRH.ubulk" 1480
"C:/Users/acker/Desktop/Inbox_from_Hell_updated-001/Content/Level/main_level/_Generated_/45RAQNJZAC0HOOOME82ATICRH.umap" 1481
"C:/Users/acker/Desktop/Inbox_from_Hell_updated-001/Content/Level/main_level/_Generated_/3EWFPI7NDYJ4GYF0M9FN2KQHO.uexp" 1482
"C:/Users/acker/Desktop/Inbox_from_Hell_updated-001/Content/Level/main_level/_Generated_/3EWFPI7NDYJ4GYF0M9FN2KQHO.ubulk" 1483
"C:/Users/acker/Desktop/Inbox_from_Hell_updated-001/Content/Level/main_level/_Generated_/3EWFPI7NDYJ4GYF0M9FN2KQHO.umap" 1484
"C:/Users/acker/Desktop/Inbox_from_Hell_updated-001/Content/Level/main_level/_Generated_/4ZE0ZOMNL9OGR3C8LDCQTDTW0.uexp" 1485
"C:/Users/acker/Desktop/Inbox_from_Hell_updated-001/Content/Level/main_level/_Generated_/4ZE0ZOMNL9OGR3C8LDCQTDTW0.ubulk" 1486
"C:/Users/acker/Desktop/Inbox_from_Hell_updated-001/Content/Level/main_level/_Generated_/4ZE0ZOMNL9OGR3C8LDCQTDTW0.umap" 1487
"C:/Users/acker/Desktop/Inbox_from_Hell_updated-001/Content/Level/main_level/_Generated_/0IUJLMFSONEZA4O907JDTMN3L.uexp" 1488
"C:/Users/acker/Desktop/Inbox_from_Hell_updated-001/Content/Level/main_level/_Generated_/0IUJLMFSONEZA4O907JDTMN3L.ubulk" 1489
"C:/Users/acker/Desktop/Inbox_from_Hell_updated-001/Content/Level/main_level/_Generated_/0IUJLMFSONEZA4O907JDTMN3L.umap" 1490
"C:/Users/acker/Desktop/Inbox_from_Hell_updated-001/Content/Level/main_level/_Generated_/5CU6BS6PFUPW4R2KENXPCCACG.uexp" 1491
"C:/Users/acker/Desktop/Inbox_from_Hell_updated-001/Content/Level/main_level/_Generated_/5CU6BS6PFUPW4R2KENXPCCACG.ubulk" 1492
"C:/Users/acker/Desktop/Inbox_from_Hell_updated-001/Content/Level/main_level/_Generated_/5CU6BS6PFUPW4R2KENXPCCACG.umap" 1493
"C:/Users/acker/Desktop/Inbox_from_Hell_updated-001/Content/Level/main_level/_Generated_/8XG6RNO8X92SBT8RJFTODL5SC.uexp" 1494
"C:/Users/acker/Desktop/Inbox_from_Hell_updated-001/Content/Level/main_level/_Generated_/8XG6RNO8X92SBT8RJFTODL5SC.ubulk" 1495
"C:/Users/acker/Desktop/Inbox_from_Hell_updated-001/Content/Level/main_level/_Generated_/8XG6RNO8X92SBT8RJFTODL5SC.umap" 1496
"C:/Users/acker/Desktop/Inbox_from_Hell_updated-001/Content/Level/main_level/_Generated_/7Y3Z3WVG9RYHSH0SNQ04Q69RF.uexp" 1497
"C:/Users/acker/Desktop/Inbox_from_Hell_updated-001/Content/Level/main_level/_Generated_/7Y3Z3WVG9RYHSH0SNQ04Q69RF.ubulk" 1498
"C:/Users/acker/Desktop/Inbox_from_Hell_updated-001/Content/Level/main_level/_Generated_/7Y3Z3WVG9RYHSH0SNQ04Q69RF.umap" 1499
"C:/Users/acker/Desktop/Inbox_from_Hell_updated-001/Content/Level/main_level/_Generated_/547B0SR15UHB9A83UWJJ9EX9T.uexp" 1500
"C:/Users/acker/Desktop/Inbox_from_Hell_updated-001/Content/Level/main_level/_Generated_/547B0SR15UHB9A83UWJJ9EX9T.ubulk" 1501
"C:/Users/acker/Desktop/Inbox_from_Hell_updated-001/Content/Level/main_level/_Generated_/547B0SR15UHB9A83UWJJ9EX9T.umap" 1502
"C:/Users/acker/Desktop/Inbox_from_Hell_updated-001/Content/Level/main_level/_Generated_/B3IMKE7F1IDGPXGUS8RI2ZLBZ.uexp" 1503
"C:/Users/acker/Desktop/Inbox_from_Hell_updated-001/Content/Level/main_level/_Generated_/B3IMKE7F1IDGPXGUS8RI2ZLBZ.ubulk" 1504
"C:/Users/acker/Desktop/Inbox_from_Hell_updated-001/Content/Level/main_level/_Generated_/B3IMKE7F1IDGPXGUS8RI2ZLBZ.umap" 1505
"C:/Users/acker/Desktop/Inbox_from_Hell_updated-001/Content/Level/main_level/_Generated_/429Y90OTD0KE876GXELAKT6OR.uexp" 1506
"C:/Users/acker/Desktop/Inbox_from_Hell_updated-001/Content/Level/main_level/_Generated_/429Y90OTD0KE876GXELAKT6OR.ubulk" 1507
"C:/Users/acker/Desktop/Inbox_from_Hell_updated-001/Content/Level/main_level/_Generated_/429Y90OTD0KE876GXELAKT6OR.umap" 1508
"C:/Users/acker/Desktop/Inbox_from_Hell_updated-001/Content/Level/main_level/_Generated_/AMAVU01B9782I3YLWM6KEXIBK.uexp" 1509
"C:/Users/acker/Desktop/Inbox_from_Hell_updated-001/Content/Level/main_level/_Generated_/AMAVU01B9782I3YLWM6KEXIBK.ubulk" 1510
"C:/Users/acker/Desktop/Inbox_from_Hell_updated-001/Content/Level/main_level/_Generated_/AMAVU01B9782I3YLWM6KEXIBK.umap" 1511
"C:/Users/acker/Desktop/Inbox_from_Hell_updated-001/Content/Level/main_level/_Generated_/09VRJC87R7MJBE7TFIHUMMLIW.uexp" 1512
"C:/Users/acker/Desktop/Inbox_from_Hell_updated-001/Content/Level/main_level/_Generated_/09VRJC87R7MJBE7TFIHUMMLIW.ubulk" 1513
"C:/Users/acker/Desktop/Inbox_from_Hell_updated-001/Content/Level/main_level/_Generated_/09VRJC87R7MJBE7TFIHUMMLIW.umap" 1514
"C:/Users/acker/Desktop/Inbox_from_Hell_updated-001/Content/Level/main_level/_Generated_/4N1C5C9CQ6DWJD97NA4ULCVO8.uexp" 1515
"C:/Users/acker/Desktop/Inbox_from_Hell_updated-001/Content/Level/main_level/_Generated_/4N1C5C9CQ6DWJD97NA4ULCVO8.ubulk" 1516
"C:/Users/acker/Desktop/Inbox_from_Hell_updated-001/Content/Level/main_level/_Generated_/4N1C5C9CQ6DWJD97NA4ULCVO8.umap" 1517
"C:/Users/acker/Desktop/Inbox_from_Hell_updated-001/Content/Level/main_level/_Generated_/9P1ZNAWXB553ZXJ120LEV7G59.uexp" 1518
"C:/Users/acker/Desktop/Inbox_from_Hell_updated-001/Content/Level/main_level/_Generated_/9P1ZNAWXB553ZXJ120LEV7G59.ubulk" 1519
"C:/Users/acker/Desktop/Inbox_from_Hell_updated-001/Content/Level/main_level/_Generated_/9P1ZNAWXB553ZXJ120LEV7G59.umap" 1520
"C:/Users/acker/Desktop/Inbox_from_Hell_updated-001/Content/Level/main_level/_Generated_/DPD0WDEK0TTPJ1FRG9D4GZ8I2.uexp" 1521
"C:/Users/acker/Desktop/Inbox_from_Hell_updated-001/Content/Level/main_level/_Generated_/DPD0WDEK0TTPJ1FRG9D4GZ8I2.ubulk" 1522
"C:/Users/acker/Desktop/Inbox_from_Hell_updated-001/Content/Level/main_level/_Generated_/DPD0WDEK0TTPJ1FRG9D4GZ8I2.umap" 1523
"C:/Users/acker/Desktop/Inbox_from_Hell_updated-001/Content/Level/main_level/_Generated_/5UFT2T3BFV55GXI5XEIMAGMJU.uexp" 1524
"C:/Users/acker/Desktop/Inbox_from_Hell_updated-001/Content/Level/main_level/_Generated_/5UFT2T3BFV55GXI5XEIMAGMJU.ubulk" 1525
"C:/Users/acker/Desktop/Inbox_from_Hell_updated-001/Content/Level/main_level/_Generated_/5UFT2T3BFV55GXI5XEIMAGMJU.umap" 1526
"C:/Users/acker/Desktop/Inbox_from_Hell_updated-001/Content/Level/main_level/_Generated_/8IKOX08W1ZW5XDVS1793MVM67.uexp" 1527
"C:/Users/acker/Desktop/Inbox_from_Hell_updated-001/Content/Level/main_level/_Generated_/8IKOX08W1ZW5XDVS1793MVM67.ubulk" 1528
"C:/Users/acker/Desktop/Inbox_from_Hell_updated-001/Content/Level/main_level/_Generated_/8IKOX08W1ZW5XDVS1793MVM67.umap" 1529
"C:/Users/acker/Desktop/Inbox_from_Hell_updated-001/Content/Level/main_level/_Generated_/7NA0E1S8O8CDBJBFT4HUGZNLT.uexp" 1530
"C:/Users/acker/Desktop/Inbox_from_Hell_updated-001/Content/Level/main_level/_Generated_/7NA0E1S8O8CDBJBFT4HUGZNLT.ubulk" 1531
"C:/Users/acker/Desktop/Inbox_from_Hell_updated-001/Content/Level/main_level/_Generated_/7NA0E1S8O8CDBJBFT4HUGZNLT.umap" 1532
"C:/Users/acker/Desktop/Inbox_from_Hell_updated-001/Content/Level/main_level/_Generated_/9QTPKC08CM8GJK6SYLRDLXFMX.uexp" 1533
"C:/Users/acker/Desktop/Inbox_from_Hell_updated-001/Content/Level/main_level/_Generated_/9QTPKC08CM8GJK6SYLRDLXFMX.ubulk" 1534
"C:/Users/acker/Desktop/Inbox_from_Hell_updated-001/Content/Level/main_level/_Generated_/9QTPKC08CM8GJK6SYLRDLXFMX.umap" 1535
"C:/Users/acker/Desktop/Inbox_from_Hell_updated-001/Content/Level/main_level/_Generated_/DLYEV6HHRBYPGQOMDSB6LXVJ0.uexp" 1536
"C:/Users/acker/Desktop/Inbox_from_Hell_updated-001/Content/Level/main_level/_Generated_/DLYEV6HHRBYPGQOMDSB6LXVJ0.ubulk" 1537
"C:/Users/acker/Desktop/Inbox_from_Hell_updated-001/Content/Level/main_level/_Generated_/DLYEV6HHRBYPGQOMDSB6LXVJ0.umap" 1538
"C:/Users/acker/Desktop/Inbox_from_Hell_updated-001/Content/Level/main_level/_Generated_/DVBHPEK49W5YJLYFDKVHUIVKG.uexp" 1539
"C:/Users/acker/Desktop/Inbox_from_Hell_updated-001/Content/Level/main_level/_Generated_/DVBHPEK49W5YJLYFDKVHUIVKG.ubulk" 1540
"C:/Users/acker/Desktop/Inbox_from_Hell_updated-001/Content/Level/main_level/_Generated_/DVBHPEK49W5YJLYFDKVHUIVKG.umap" 1541
"C:/Users/acker/Desktop/Inbox_from_Hell_updated-001/Content/Level/main_level/_Generated_/CT34XCA4NCTH64BZZVMFES24K.uexp" 1542
"C:/Users/acker/Desktop/Inbox_from_Hell_updated-001/Content/Level/main_level/_Generated_/CT34XCA4NCTH64BZZVMFES24K.ubulk" 1543
"C:/Users/acker/Desktop/Inbox_from_Hell_updated-001/Content/Level/main_level/_Generated_/CT34XCA4NCTH64BZZVMFES24K.umap" 1544
"C:/Users/acker/Desktop/Inbox_from_Hell_updated-001/Content/Level/main_level/_Generated_/88L0AKKLJZBI8YCRFFV6N57I3.uexp" 1545
"C:/Users/acker/Desktop/Inbox_from_Hell_updated-001/Content/Level/main_level/_Generated_/88L0AKKLJZBI8YCRFFV6N57I3.ubulk" 1546
"C:/Users/acker/Desktop/Inbox_from_Hell_updated-001/Content/Level/main_level/_Generated_/88L0AKKLJZBI8YCRFFV6N57I3.umap" 1547
"C:/Users/acker/Desktop/Inbox_from_Hell_updated-001/Content/Level/main_level/_Generated_/EVOIYF4F43O5L24O3CA7FKO38.uexp" 1548
"C:/Users/acker/Desktop/Inbox_from_Hell_updated-001/Content/Level/main_level/_Generated_/EVOIYF4F43O5L24O3CA7FKO38.ubulk" 1549
"C:/Users/acker/Desktop/Inbox_from_Hell_updated-001/Content/Level/main_level/_Generated_/EVOIYF4F43O5L24O3CA7FKO38.umap" 1550
"C:/Users/acker/Desktop/Inbox_from_Hell_updated-001/Content/Level/main_level/_Generated_/B34DBCZUWUCPC1D52I53SM347.uexp" 1551
"C:/Users/acker/Desktop/Inbox_from_Hell_updated-001/Content/Level/main_level/_Generated_/B34DBCZUWUCPC1D52I53SM347.ubulk" 1552
"C:/Users/acker/Desktop/Inbox_from_Hell_updated-001/Content/Level/main_level/_Generated_/B34DBCZUWUCPC1D52I53SM347.umap" 1553
"C:/Users/acker/Desktop/Inbox_from_Hell_updated-001/Content/Level/main_level/_Generated_/ET3624LTDP5TGV9800BB4NOJT.uexp" 1554
"C:/Users/acker/Desktop/Inbox_from_Hell_updated-001/Content/Level/main_level/_Generated_/ET3624LTDP5TGV9800BB4NOJT.ubulk" 1555
"C:/Users/acker/Desktop/Inbox_from_Hell_updated-001/Content/Level/main_level/_Generated_/ET3624LTDP5TGV9800BB4NOJT.umap" 1556
"C:/Users/acker/Desktop/Inbox_from_Hell_updated-001/Content/Level/main_level/_Generated_/2UUC35HIFUSGJ27QL1L8IC3YP.uexp" 1557
"C:/Users/acker/Desktop/Inbox_from_Hell_updated-001/Content/Level/main_level/_Generated_/2UUC35HIFUSGJ27QL1L8IC3YP.ubulk" 1558
"C:/Users/acker/Desktop/Inbox_from_Hell_updated-001/Content/Level/main_level/_Generated_/2UUC35HIFUSGJ27QL1L8IC3YP.umap" 1559
"C:/Users/acker/Desktop/Inbox_from_Hell_updated-001/Content/Level/main_level/_Generated_/2Z5NT4GV83JTU9KIENLSNV5K0.uexp" 1560
"C:/Users/acker/Desktop/Inbox_from_Hell_updated-001/Content/Level/main_level/_Generated_/2Z5NT4GV83JTU9KIENLSNV5K0.ubulk" 1561
"C:/Users/acker/Desktop/Inbox_from_Hell_updated-001/Content/Level/main_level/_Generated_/2Z5NT4GV83JTU9KIENLSNV5K0.umap" 1562
"C:/Users/acker/Desktop/Inbox_from_Hell_updated-001/Content/Level/main_level/_Generated_/0IPMIW27XQ4DK9QS17OTJSJOM.uexp" 1563
"C:/Users/acker/Desktop/Inbox_from_Hell_updated-001/Content/Level/main_level/_Generated_/0IPMIW27XQ4DK9QS17OTJSJOM.ubulk" 1564
"C:/Users/acker/Desktop/Inbox_from_Hell_updated-001/Content/Level/main_level/_Generated_/0IPMIW27XQ4DK9QS17OTJSJOM.umap" 1565
"C:/Users/acker/Desktop/Inbox_from_Hell_updated-001/Content/Level/main_level/_Generated_/8W4C878FEPHEJ32D9ROF3L0Y3.uexp" 1566
"C:/Users/acker/Desktop/Inbox_from_Hell_updated-001/Content/Level/main_level/_Generated_/8W4C878FEPHEJ32D9ROF3L0Y3.ubulk" 1567
"C:/Users/acker/Desktop/Inbox_from_Hell_updated-001/Content/Level/main_level/_Generated_/8W4C878FEPHEJ32D9ROF3L0Y3.umap" 1568
"C:/Users/acker/Desktop/Inbox_from_Hell_updated-001/Content/Level/main_level/_Generated_/4D7T39F9XZNR9NYMVR07J7OI1.uexp" 1569
"C:/Users/acker/Desktop/Inbox_from_Hell_updated-001/Content/Level/main_level/_Generated_/4D7T39F9XZNR9NYMVR07J7OI1.ubulk" 1570
"C:/Users/acker/Desktop/Inbox_from_Hell_updated-001/Content/Level/main_level/_Generated_/4D7T39F9XZNR9NYMVR07J7OI1.umap" 1571
